dataset,method,bits,metric,n,mean_pct,ci_low_pct,ci_high_pct
fashion,adam-fp32,32,best_test_acc,8,88.53625,88.35292693165856,88.71957306834143
fashion,adam-fp32,32,final_test_acc,8,88.4075,88.18950386615533,88.62549613384466
fashion,gdmc-v1,2,best_test_acc,8,65.83500000000001,64.47122754428428,67.19877245571574
fashion,gdmc-v1,2,final_test_acc,8,55.6625,53.092586878152325,58.23241312184768
fashion,gdmc-v1,4,best_test_acc,8,76.3125,75.5830336759229,77.0419663240771
fashion,gdmc-v1,4,final_test_acc,8,75.41875,74.34333387270982,76.49416612729019
fashion,gdmc-v1,8,best_test_acc,8,84.74374999999999,84.64875028264588,84.8387497173541
fashion,gdmc-v1,8,final_test_acc,8,84.72749999999999,84.62840418632098,84.826595813679
fashion,gdmc-v2,2,best_test_acc,8,32.737500000000004,30.302922138560948,35.17207786143906
fashion,gdmc-v2,2,final_test_acc,8,29.23375,21.980343313466467,36.48715668653354
fashion,gdmc-v2,4,best_test_acc,8,79.25125,78.42856320655166,80.07393679344834
fashion,gdmc-v2,4,final_test_acc,8,75.06750000000001,72.76803317742076,77.36696682257926
fashion,gdmc-v2,8,best_test_acc,8,87.51,87.3109537693971,87.70904623060291
fashion,gdmc-v2,8,final_test_acc,8,87.5075,87.3065690444349,87.70843095556509
fashion,projected-adam,2,best_test_acc,8,73.50874999999999,71.93135244041842,75.08614755958156
fashion,projected-adam,2,final_test_acc,8,35.895,26.11922526591181,45.6707747340882
fashion,projected-adam,4,best_test_acc,8,75.27875,73.67624541388903,76.88125458611097
fashion,projected-adam,4,final_test_acc,8,55.89125,43.10306650595373,68.67943349404626
fashion,projected-adam,8,best_test_acc,8,86.65875,86.45918088134532,86.85831911865468
fashion,projected-adam,8,final_test_acc,8,86.33500000000001,85.99957799930655,86.67042200069346
fashion,projected-msgd,2,best_test_acc,8,49.613749999999996,39.0998143480799,60.12768565192009
fashion,projected-msgd,2,final_test_acc,8,47.51625,37.51504250857027,57.51745749142973
fashion,projected-msgd,4,best_test_acc,8,63.635000000000005,62.29206977245972,64.9779302275403
fashion,projected-msgd,4,final_test_acc,8,61.83125,59.53763222265673,64.12486777734327
fashion,projected-msgd,8,best_test_acc,8,9.3775,7.776352334286261,10.978647665713739
fashion,projected-msgd,8,final_test_acc,8,9.3775,7.776352334286261,10.978647665713739
fashion,qat-ste-adam,2,best_test_acc,8,77.9,76.31372406253232,79.4862759374677
fashion,qat-ste-adam,2,final_test_acc,8,75.7175,73.3332809398744,78.1017190601256
fashion,qat-ste-adam,4,best_test_acc,8,87.98125000000002,87.82392583345552,88.13857416654452
fashion,qat-ste-adam,4,final_test_acc,8,87.9025,87.69492087050122,88.11007912949879
fashion,qat-ste-adam,8,best_test_acc,8,88.535,88.30854566778633,88.76145433221366
fashion,qat-ste-adam,8,final_test_acc,8,88.30875,87.92782112425488,88.68967887574513
mnist,adam-fp32,32,best_test_acc,10,98.013,97.96993971312706,98.05606028687295
mnist,adam-fp32,32,final_test_acc,10,97.91499999999999,97.78702195864737,98.04297804135261
mnist,gdmc-v1,2,best_test_acc,10,79.66499999999999,79.2676172534243,80.06238274657568
mnist,gdmc-v1,2,final_test_acc,10,77.679,76.78611504475437,78.57188495524564
mnist,gdmc-v1,4,best_test_acc,10,89.532,89.3037374938425,89.76026250615749
mnist,gdmc-v1,4,final_test_acc,10,89.21199999999999,88.91846531310313,89.50553468689685
mnist,gdmc-v1,8,best_test_acc,10,94.268,94.15723896989464,94.37876103010537
mnist,gdmc-v1,8,final_test_acc,10,94.26000000000002,94.1446521648408,94.37534783515923
mnist,gdmc-v2,2,best_test_acc,10,49.446000000000005,45.15012681822659,53.74187318177342
mnist,gdmc-v2,2,final_test_acc,10,40.986000000000004,36.29487264701241,45.6771273529876
mnist,gdmc-v2,4,best_test_acc,10,93.51500000000001,93.06875322408868,93.96124677591135
mnist,gdmc-v2,4,final_test_acc,10,93.35400000000001,92.79599919520075,93.91200080479928
mnist,gdmc-v2,8,best_test_acc,10,97.43800000000002,97.36931911367118,97.50668088632885
mnist,gdmc-v2,8,final_test_acc,10,97.427,97.35706799285803,97.49693200714198
mnist,projected-adam,2,best_test_acc,10,79.59900000000002,70.61757355402113,88.5804264459789
mnist,projected-adam,2,final_test_acc,10,46.347,30.050735613162562,62.643264386837444
mnist,projected-adam,4,best_test_acc,10,91.703,90.90027555040868,92.50572444959133
mnist,projected-adam,4,final_test_acc,10,49.068,28.221956198413302,69.9140438015867
mnist,projected-adam,8,best_test_acc,10,97.38900000000001,97.22516227080382,97.5528377291962
mnist,projected-adam,8,final_test_acc,10,97.068,96.8541945653618,97.2818054346382
mnist,projected-msgd,2,best_test_acc,10,40.938,30.91867532036617,50.957324679633835
mnist,projected-msgd,2,final_test_acc,10,38.525999999999996,28.373369543329026,48.678630456670966
mnist,projected-msgd,4,best_test_acc,10,43.05500000000001,33.039321905364694,53.07067809463532
mnist,projected-msgd,4,final_test_acc,10,42.704,32.681440307638496,52.726559692361505
mnist,projected-msgd,8,best_test_acc,10,9.47,7.717938547991089,11.222061452008912
mnist,projected-msgd,8,final_test_acc,10,9.47,7.717938547991089,11.222061452008912
mnist,qat-ste-adam,2,best_test_acc,10,94.22299999999998,94.00678147683013,94.43921852316984
mnist,qat-ste-adam,2,final_test_acc,10,93.54400000000001,93.11287982065262,93.9751201793474
mnist,qat-ste-adam,4,best_test_acc,10,97.858,97.7513182415549,97.96468175844511
mnist,qat-ste-adam,4,final_test_acc,10,97.704,97.57425915648476,97.83374084351523
mnist,qat-ste-adam,8,best_test_acc,10,98.05499999999999,97.96907441523545,98.14092558476453
mnist,qat-ste-adam,8,final_test_acc,10,97.68,97.44778124514224,97.91221875485778
