method,bits,rho,seed,best_test_acc,final_test_acc,acceptance,wall_sec
adam,0,0.0,0,0.9778,0.9778,nan,6.387868165969849
gdmc,4,0.0,0,0.9346,0.9346,0.9999999999999994,13.749221086502075
gdmc,8,0.0,0,0.9693,0.9693,1.0,13.160797834396362
gdmc-noacc,8,0.0,0,0.9693,0.9693,1.0,13.04774022102356
adam,0,0.1,0,0.9767,0.9767,nan,16.139604091644287
gdmc,4,0.1,0,0.9275,0.9275,0.9999588901683295,24.1291241645813
gdmc,8,0.1,0,0.9687,0.9687,0.9999999999999994,24.854156732559204
gdmc-noacc,8,0.1,0,0.969,0.969,1.0,29.689053058624268
adam,0,0.3,0,0.9801,0.9801,nan,19.828395128250122
gdmc,4,0.3,0,0.9245,0.9245,1.0,25.66371178627014
gdmc,8,0.3,0,0.9692,0.9692,1.0,22.52089810371399
gdmc-noacc,8,0.3,0,0.9692,0.9692,1.0,22.895732879638672
adam,0,1.0,0,0.9768,0.9768,nan,15.472997903823853
gdmc,4,1.0,0,0.9164,0.9164,0.9999999999999994,22.839914083480835
gdmc,8,1.0,0,0.9657,0.9657,0.9999999999999994,25.62101411819458
gdmc-noacc,8,1.0,0,0.9641,0.9641,1.0,29.34625792503357
adam,0,3.0,0,0.9711,0.9711,nan,19.952334880828857
gdmc,4,3.0,0,0.8888,0.8366,0.9999905953891302,29.43416118621826
gdmc,8,3.0,0,0.9448,0.9448,0.9999999999999994,24.2573082447052
gdmc-noacc,8,3.0,0,0.9463,0.9463,1.0,21.85227084159851
adam,0,0.0,1,0.9754,0.9738,nan,6.444515228271484
gdmc,4,0.0,1,0.9286,0.9286,1.0,14.558151960372925
gdmc,8,0.0,1,0.9699,0.9699,1.0,12.621903896331787
gdmc-noacc,8,0.0,1,0.9699,0.9699,1.0,12.63719391822815
adam,0,0.1,1,0.975,0.9749,nan,17.932234048843384
gdmc,4,0.1,1,0.9287,0.9109,1.0,29.585405826568604
gdmc,8,0.1,1,0.9707,0.9707,1.0,29.287462949752808
gdmc-noacc,8,0.1,1,0.9707,0.9707,1.0,29.975173950195312
adam,0,0.3,1,0.9738,0.9738,nan,19.795666933059692
gdmc,4,0.3,1,0.9233,0.9233,1.0,21.99243688583374
gdmc,8,0.3,1,0.9702,0.9702,1.0,21.189709901809692
gdmc-noacc,8,0.3,1,0.9702,0.9702,1.0,21.070889949798584
adam,0,1.0,1,0.9741,0.9741,nan,15.137908935546875
gdmc,4,1.0,1,0.909,0.8875,0.9999999999999994,21.36837673187256
gdmc,8,1.0,1,0.966,0.966,1.0,21.10599708557129
gdmc-noacc,8,1.0,1,0.966,0.966,1.0,20.95805525779724
adam,0,3.0,1,0.9701,0.9701,nan,14.76264500617981
gdmc,4,3.0,1,0.8811,0.8595,0.9947665234449067,21.194626092910767
gdmc,8,3.0,1,0.9471,0.9471,0.9999999999999994,21.816874980926514
gdmc-noacc,8,3.0,1,0.9454,0.9454,1.0,21.744200229644775
adam,0,0.0,2,0.976,0.976,nan,6.219603061676025
gdmc,4,0.0,2,0.9267,0.9047,1.0,12.39550495147705
gdmc,8,0.0,2,0.9703,0.9703,1.0,12.461625814437866
gdmc-noacc,8,0.0,2,0.9703,0.9703,1.0,12.617084980010986
adam,0,0.1,2,0.9768,0.9768,nan,15.251441955566406
gdmc,4,0.1,2,0.9309,0.9218,0.9999999768155443,21.581276893615723
gdmc,8,0.1,2,0.9697,0.9697,1.0,21.57899808883667
gdmc-noacc,8,0.1,2,0.9697,0.9697,1.0,21.618868112564087
adam,0,0.3,2,0.977,0.977,nan,15.308713912963867
gdmc,4,0.3,2,0.9264,0.9183,0.9999999999999994,21.574448823928833
gdmc,8,0.3,2,0.9703,0.9703,0.9999999999999994,21.560822010040283
gdmc-noacc,8,0.3,2,0.9692,0.9692,1.0,21.515156984329224
adam,0,1.0,2,0.9763,0.9763,nan,14.41673493385315
gdmc,4,1.0,2,0.9162,0.914,0.9999999999999994,20.035426139831543
gdmc,8,1.0,2,0.9661,0.9661,0.9999999999999994,20.11530613899231
gdmc-noacc,8,1.0,2,0.9657,0.9657,1.0,19.944211959838867
adam,0,3.0,2,0.9705,0.9704,nan,14.375334739685059
gdmc,4,3.0,2,0.8896,0.8622,0.9999999999999994,20.126261949539185
gdmc,8,3.0,2,0.9441,0.9441,1.0,20.185564756393433
gdmc-noacc,8,3.0,2,0.9441,0.9441,1.0,20.273980855941772
