variant,bits,final_test_acc,best_test_acc
adam (32-bit),32,0.9803000000000001,0.9815999999999999
gdmc v1,4,0.8878,0.8943333333333333
gdmc v1,8,0.9615666666666667,0.9617666666666667
gdmc v1,16,0.6414,0.6414
gdmc v1,32,0.08956666666666667,0.08956666666666667
gdmc v2 (mom),4,0.9464,0.9493333333333333
gdmc v2 (mom),8,0.9772333333333334,0.9779
gdmc v2 (mom),16,0.7025333333333332,0.7025333333333332
gdmc v2 (mom),32,0.08956666666666667,0.08956666666666667
"gdmc v3 (auto, ss=0.0001)",16,0.9127000000000001,0.9128333333333334
"gdmc v3 (auto, ss=0.0001)",32,0.9126,0.9126666666666666
"gdmc v3 (auto, ss=0.001)",4,0.9388666666666667,0.9403333333333332
"gdmc v3 (auto, ss=0.001)",8,0.9760666666666666,0.9780333333333333
"gdmc v3 (auto, ss=0.001)",16,0.9759000000000001,0.9769333333333333
"gdmc v3 (auto, ss=0.001)",32,0.9690333333333333,0.9690333333333333
"gdmc v3 (auto, ss=0.01)",16,0.9692666666666666,0.9701333333333334
"gdmc v3 (auto, ss=0.01)",32,0.9749333333333334,0.9749333333333334
projected-gd,4,0.21803333333333333,0.21803333333333333
projected-gd,8,0.9683,0.9734666666666666
projected-gd,16,0.9684666666666667,0.9722666666666667
projected-gd,32,0.9664666666666667,0.9727333333333333
