task,model,optimizer,grid_spec,bits,seed,epochs,batch_size,lr,momentum,beta,move_frac,extra,final_train_loss,final_test_loss,final_test_acc,best_test_acc,best_test_loss,final_acceptance_rate,final_train_loss_steps,wall_time_sec,weight_mse_vs_continuous
cifar10_cnn,smallcnn_b16,sgd,none,32,0,2,128,0.01,0.0,0.0,0.0,"{""project_base"": ""adam""}",nan,2.2359376010894776,0.2167,0.2167,2.2359376010894776,nan,159,21.567574977874756,nan
cifar10_cnn,smallcnn_b16,momentum,none,32,0,2,128,0.01,0.9,0.0,0.0,"{""project_base"": ""adam""}",nan,1.841903498840332,0.2744,0.2744,1.841903498840332,nan,159,21.230751037597656,nan
cifar10_cnn,smallcnn_b16,adam,none,32,0,2,128,0.01,0.0,0.0,0.0,"{""project_base"": ""adam""}",nan,1.8847110061645507,0.2549,0.2549,1.8847110061645507,nan,159,21.410472869873047,nan
cifar10_cnn,smallcnn_b16,sgld,none,32,0,2,128,0.0005,0.0,100.0,0.0,"{""project_base"": ""adam""}",nan,2.3395593490600586,0.1101,0.1101,2.3048086051940917,nan,159,21.365922927856445,nan
cifar10_cnn,smallcnn_b16,projected-gd,uniform,4,0,2,128,0.01,0.0,0.0,0.0,"{""project_base"": ""adam""}",nan,2.29234826965332,0.1277,0.1277,2.29234826965332,nan,159,21.54206895828247,nan
cifar10_cnn,smallcnn_b16,projected-gd,uniform,8,0,2,128,0.01,0.0,0.0,0.0,"{""project_base"": ""adam""}",nan,2.225265840148926,0.2509,0.2509,2.225265840148926,nan,159,21.827346086502075,nan
cifar10_cnn,smallcnn_b16,gdmc,uniform,4,0,2,128,0.0,0.0,2.0,0.01,"{""project_base"": ""adam""}",nan,1.9232810735702515,0.2855,0.2855,1.9232810735702515,0.9999674294411219,159,39.12843179702759,nan
cifar10_cnn,smallcnn_b16,gdmc,uniform,8,0,2,128,0.0,0.0,2.0,0.01,"{""project_base"": ""adam""}",nan,2.12491577796936,0.2788,0.2788,2.12491577796936,1.0,159,39.21203374862671,nan
cifar10_cnn,smallcnn_b16,gdmc-adaptive,uniform-pt,3,0,2,128,0.0,0.0,2.0,0.01,"{""project_base"": ""adam""}",nan,2.4129642124176027,0.143,0.143,2.3047450088500976,1.0,159,39.51795291900635,nan
cifar10_cnn,smallcnn_b16,gdmc-adaptive,uniform-pt,4,0,2,128,0.0,0.0,2.0,0.01,"{""project_base"": ""adam""}",nan,2.1148427562713623,0.2571,0.2571,2.1148427562713623,1.0,159,39.55679106712341,nan
cifar10_cnn,smallcnn_b16,gdmc-adaptive,uniform-pt,8,0,2,128,0.0,0.0,2.0,0.01,"{""project_base"": ""adam""}",nan,2.114534440994263,0.258,0.258,2.114534440994263,1.0,159,39.709805727005005,nan
cifar10_cnn,smallcnn_b16,sgd,none,32,1,2,128,0.01,0.0,0.0,0.0,"{""project_base"": ""adam""}",nan,2.258925241088867,0.22,0.22,2.258925241088867,nan,159,21.583511114120483,nan
cifar10_cnn,smallcnn_b16,momentum,none,32,1,2,128,0.01,0.9,0.0,0.0,"{""project_base"": ""adam""}",nan,1.833183577156067,0.308,0.308,1.833183577156067,nan,159,21.540591955184937,nan
cifar10_cnn,smallcnn_b16,adam,none,32,1,2,128,0.01,0.0,0.0,0.0,"{""project_base"": ""adam""}",nan,2.1092866138458253,0.2509,0.2509,2.1092866138458253,nan,159,21.71912407875061,nan
cifar10_cnn,smallcnn_b16,sgld,none,32,1,2,128,0.0005,0.0,100.0,0.0,"{""project_base"": ""adam""}",nan,2.311984758377075,0.1112,0.1112,2.303853612136841,nan,159,21.68763303756714,nan
cifar10_cnn,smallcnn_b16,projected-gd,uniform,4,1,2,128,0.01,0.0,0.0,0.0,"{""project_base"": ""adam""}",nan,2.2912448223114015,0.1029,0.1029,2.2912448223114015,nan,159,21.985596895217896,nan
cifar10_cnn,smallcnn_b16,projected-gd,uniform,8,1,2,128,0.01,0.0,0.0,0.0,"{""project_base"": ""adam""}",nan,1.8118494119644164,0.3071,0.3071,1.8118494119644164,nan,159,22.332077980041504,nan
cifar10_cnn,smallcnn_b16,gdmc,uniform,4,1,2,128,0.0,0.0,2.0,0.01,"{""project_base"": ""adam""}",nan,2.0493940500259398,0.247,0.247,2.0493940500259398,0.9999955018037753,159,39.77363610267639,nan
cifar10_cnn,smallcnn_b16,gdmc,uniform,8,1,2,128,0.0,0.0,2.0,0.01,"{""project_base"": ""adam""}",nan,2.1177975914001466,0.2709,0.2709,2.1177975914001466,1.0,159,39.92686200141907,nan
cifar10_cnn,smallcnn_b16,gdmc-adaptive,uniform-pt,3,1,2,128,0.0,0.0,2.0,0.01,"{""project_base"": ""adam""}",nan,2.3099296783447265,0.1578,0.1578,2.3037742557525633,1.0,159,40.18904709815979,nan
cifar10_cnn,smallcnn_b16,gdmc-adaptive,uniform-pt,4,1,2,128,0.0,0.0,2.0,0.01,"{""project_base"": ""adam""}",nan,2.1229195034027097,0.2668,0.2668,2.1229195034027097,1.0,159,40.201322078704834,nan
cifar10_cnn,smallcnn_b16,gdmc-adaptive,uniform-pt,8,1,2,128,0.0,0.0,2.0,0.01,"{""project_base"": ""adam""}",nan,2.120868490219116,0.2655,0.2655,2.120868490219116,1.0,159,40.80449199676514,nan
cifar10_cnn,smallcnn_b16,sgd,none,32,2,2,128,0.01,0.0,0.0,0.0,"{""project_base"": ""adam""}",nan,2.256606300354004,0.225,0.225,2.256606300354004,nan,159,21.70379900932312,nan
cifar10_cnn,smallcnn_b16,momentum,none,32,2,2,128,0.01,0.9,0.0,0.0,"{""project_base"": ""adam""}",nan,1.9297144271850586,0.2474,0.2474,1.9297144271850586,nan,159,21.80901288986206,nan
cifar10_cnn,smallcnn_b16,adam,none,32,2,2,128,0.01,0.0,0.0,0.0,"{""project_base"": ""adam""}",nan,2.0895068244934083,0.2481,0.2481,2.0895068244934083,nan,159,21.85128402709961,nan
cifar10_cnn,smallcnn_b16,sgld,none,32,2,2,128,0.0005,0.0,100.0,0.0,"{""project_base"": ""adam""}",nan,2.3185233333587645,0.106,0.106,2.3033470081329344,nan,159,21.890447854995728,nan
cifar10_cnn,smallcnn_b16,projected-gd,uniform,4,2,2,128,0.01,0.0,0.0,0.0,"{""project_base"": ""adam""}",nan,2.289406300354004,0.1319,0.1319,2.289406300354004,nan,159,22.436012983322144,nan
cifar10_cnn,smallcnn_b16,projected-gd,uniform,8,2,2,128,0.01,0.0,0.0,0.0,"{""project_base"": ""adam""}",nan,1.993341630744934,0.26,0.26,1.993341630744934,nan,159,21.666272163391113,nan
cifar10_cnn,smallcnn_b16,gdmc,uniform,4,2,2,128,0.0,0.0,2.0,0.01,"{""project_base"": ""adam""}",nan,1.948578625869751,0.2687,0.2687,1.948578625869751,0.9999748217935827,159,39.57074999809265,nan
cifar10_cnn,smallcnn_b16,gdmc,uniform,8,2,2,128,0.0,0.0,2.0,0.01,"{""project_base"": ""adam""}",nan,2.1073814220428466,0.2828,0.2828,2.1073814220428466,1.0,159,39.55221700668335,nan
cifar10_cnn,smallcnn_b16,gdmc-adaptive,uniform-pt,3,2,2,128,0.0,0.0,2.0,0.01,"{""project_base"": ""adam""}",nan,2.388871345901489,0.1309,0.1309,2.3033076934814454,1.0,159,39.745819091796875,nan
cifar10_cnn,smallcnn_b16,gdmc-adaptive,uniform-pt,4,2,2,128,0.0,0.0,2.0,0.01,"{""project_base"": ""adam""}",nan,2.084742111206055,0.2868,0.2868,2.084742111206055,1.0,159,39.79668974876404,nan
cifar10_cnn,smallcnn_b16,gdmc-adaptive,uniform-pt,8,2,2,128,0.0,0.0,2.0,0.01,"{""project_base"": ""adam""}",nan,2.0856335418701173,0.2859,0.2859,2.0856335418701173,1.0,159,39.944061040878296,nan
