task,model,optimizer,grid_spec,bits,seed,epochs,batch_size,lr,momentum,beta,move_frac,beta1,k,extra,final_train_loss,final_test_loss,final_test_acc,best_test_acc,best_test_loss,final_acceptance_rate,final_train_loss_steps,wall_time_sec,weight_mse_vs_continuous
cifar10_cnn_long,smallcnn_b16,adam,none,32,0,20,128,0.001,0.0,2.0,0.01,0.0,1,{},nan,1.3826639175415039,0.5954,0.5954,1.3826639175415039,nan,1581,183.2898497581482,nan
cifar10_cnn_long,smallcnn_b16,momentum,none,32,0,20,128,0.01,0.0,2.0,0.01,0.0,1,{},nan,2.2356917083740235,0.2929,0.2929,2.2356917083740235,nan,1581,183.1248209476471,nan
cifar10_cnn_long,smallcnn_b16,projected-gd,uniform,4,0,20,128,0.01,0.0,2.0,0.01,0.0,1,{},nan,2.2934910438537597,0.1271,0.1271,2.2934910438537597,nan,1581,185.66483688354492,nan
cifar10_cnn_long,smallcnn_b16,projected-gd,uniform,8,0,20,128,0.01,0.0,2.0,0.01,0.0,1,{},nan,1.4381047115325927,0.5788,0.5788,1.4381047115325927,nan,1581,186.72889399528503,nan
cifar10_cnn_long,smallcnn_b16,gdmc,uniform,4,0,20,128,0.0,0.0,2.0,0.01,0.0,1,{},nan,1.6782656986236573,0.3965,0.3965,1.6782656986236573,0.9999999999999994,1581,371.32942271232605,nan
cifar10_cnn_long,smallcnn_b16,gdmc,uniform,8,0,20,128,0.0,0.0,2.0,0.01,0.0,1,{},nan,1.4398001138687133,0.4627,0.4627,1.4398001138687133,0.9999999999999932,1581,367.94129395484924,nan
cifar10_cnn_long,smallcnn_b16,gdmc,uniform,4,0,20,128,0.0,0.0,2.0,0.01,0.9,1,{},nan,1.2390415662765504,0.5591,0.5591,1.2390415662765504,0.9999997645877522,1581,370.2507541179657,nan
cifar10_cnn_long,smallcnn_b16,gdmc,uniform,8,0,20,128,0.0,0.0,2.0,0.01,0.9,1,{},nan,1.1510070999145507,0.5823,0.5823,1.1510070999145507,0.9999997645878728,1581,371.6544282436371,nan
cifar10_cnn_long,smallcnn_b16,adam,none,32,1,20,128,0.001,0.0,2.0,0.01,0.0,1,{},nan,1.6481394525527955,0.5278,0.5278,1.6481394525527955,nan,1581,185.04041290283203,nan
cifar10_cnn_long,smallcnn_b16,momentum,none,32,1,20,128,0.01,0.0,2.0,0.01,0.0,1,{},nan,1.4724953504562377,0.4575,0.4575,1.4724953504562377,nan,1581,183.2954020500183,nan
cifar10_cnn_long,smallcnn_b16,projected-gd,uniform,4,1,20,128,0.01,0.0,2.0,0.01,0.0,1,{},nan,2.2895709423065185,0.103,0.103,2.2895709423065185,nan,1581,186.16602611541748,nan
cifar10_cnn_long,smallcnn_b16,projected-gd,uniform,8,1,20,128,0.01,0.0,2.0,0.01,0.0,1,{},nan,1.0373507452011108,0.6521,0.6521,1.0373507452011108,nan,1581,189.07835984230042,nan
cifar10_cnn_long,smallcnn_b16,gdmc,uniform,4,1,20,128,0.0,0.0,2.0,0.01,0.0,1,{},nan,3.149890561294556,0.2253,0.2253,2.3063448455810547,0.9999955018037753,1581,373.2545521259308,nan
cifar10_cnn_long,smallcnn_b16,gdmc,uniform,8,1,20,128,0.0,0.0,2.0,0.01,0.0,1,{},nan,1.3847613542556763,0.4866,0.4866,1.3847613542556763,0.9999999999999994,1581,368.62902188301086,nan
cifar10_cnn_long,smallcnn_b16,gdmc,uniform,4,1,20,128,0.0,0.0,2.0,0.01,0.9,1,{},nan,1.3827612298965455,0.5226,0.5226,1.3827612298965455,0.9999999999999994,1581,367.86005687713623,nan
cifar10_cnn_long,smallcnn_b16,gdmc,uniform,8,1,20,128,0.0,0.0,2.0,0.01,0.9,1,{},nan,1.16819056930542,0.5704,0.5704,1.16819056930542,0.9999998874031535,1581,368.8602888584137,nan
cifar10_cnn_long,smallcnn_b16,adam,none,32,2,20,128,0.001,0.0,2.0,0.01,0.0,1,{},nan,1.296975136947632,0.6008,0.6008,1.296975136947632,nan,1581,184.43919801712036,nan
cifar10_cnn_long,smallcnn_b16,momentum,none,32,2,20,128,0.01,0.0,2.0,0.01,0.0,1,{},nan,1.8931899168014525,0.2954,0.2954,1.8931899168014525,nan,1581,182.0546431541443,nan
cifar10_cnn_long,smallcnn_b16,projected-gd,uniform,4,2,20,128,0.01,0.0,2.0,0.01,0.0,1,{},nan,2.289287297821045,0.135,0.135,2.289287297821045,nan,1581,187.17367124557495,nan
cifar10_cnn_long,smallcnn_b16,projected-gd,uniform,8,2,20,128,0.01,0.0,2.0,0.01,0.0,1,{},nan,1.3479005445480348,0.5891,0.5891,1.3479005445480348,nan,1581,185.93223190307617,nan
cifar10_cnn_long,smallcnn_b16,gdmc,uniform,4,2,20,128,0.0,0.0,2.0,0.01,0.0,1,{},nan,1.8867485334396363,0.3371,0.3371,1.8867485334396363,0.9999999999999994,1581,367.1773748397827,nan
cifar10_cnn_long,smallcnn_b16,gdmc,uniform,8,2,20,128,0.0,0.0,2.0,0.01,0.0,1,{},nan,1.3758374723434448,0.4956,0.4956,1.3758374723434448,0.9999999999999994,1581,369.96587204933167,nan
cifar10_cnn_long,smallcnn_b16,gdmc,uniform,4,2,20,128,0.0,0.0,2.0,0.01,0.9,1,{},nan,1.213926874923706,0.5798,0.5798,1.213926874923706,0.9999617307268887,1581,377.8462190628052,nan
cifar10_cnn_long,smallcnn_b16,gdmc,uniform,8,2,20,128,0.0,0.0,2.0,0.01,0.9,1,{},nan,1.2225330907821654,0.5519,0.5519,1.2225330907821654,0.9999999999999994,1581,375.8174047470093,nan
