task,model,optimizer,grid_spec,bits,seed,epochs,batch_size,lr,momentum,beta,move_frac,beta1,k,extra,final_train_loss,final_test_loss,final_test_acc,best_test_acc,best_test_loss,final_acceptance_rate,mean_acceptance_rate,final_delta_loss,final_num_moved,final_train_loss_steps,wall_time_sec,peak_rss_mb,rss_growth_mb,weight_mse_vs_continuous
fashion_lowbit,mlp_256x256,gdmc-v1,uniform,2,0,10,128,0.0,0.0,2.0,0.01,0.0,1,"{""label"": ""gdmc-v1"", ""setting"": ""{\""beta\"": 2.0}"", ""task"": ""fashion"", ""k_mode"": ""fixed"", ""step_scale"": 0.001, ""project_lr_scale"": null, ""grad_noise_rho"": 0.0, ""accept_on"": ""minibatch"", ""select_mode"": ""bernoulli""}",4.120457172393799,9.423182820129394,0.5831,0.6495,7.896178730773926,0.9954533617448637,0.9351398216940341,-2.4844506978988647,455,4301,11.654553174972534,718.5625,0.0,nan
fashion_lowbit,mlp_256x256,gdmc-v1,uniform,2,1,10,128,0.0,0.0,2.0,0.01,0.0,1,"{""label"": ""gdmc-v1"", ""setting"": ""{\""beta\"": 2.0}"", ""task"": ""fashion"", ""k_mode"": ""fixed"", ""step_scale"": 0.001, ""project_lr_scale"": null, ""grad_noise_rho"": 0.0, ""accept_on"": ""minibatch"", ""select_mode"": ""bernoulli""}",10.210830688476562,9.852877319335937,0.4878,0.6622,7.846600375366211,0.9717562815076533,0.9075159148449053,-4.482493877410889,540,4301,11.515866994857788,718.5625,0.0,nan
fashion_lowbit,mlp_256x256,gdmc-v1,uniform,2,2,10,128,0.0,0.0,2.0,0.01,0.0,1,"{""label"": ""gdmc-v1"", ""setting"": ""{\""beta\"": 2.0}"", ""task"": ""fashion"", ""k_mode"": ""fixed"", ""step_scale"": 0.001, ""project_lr_scale"": null, ""grad_noise_rho"": 0.0, ""accept_on"": ""minibatch"", ""select_mode"": ""bernoulli""}",5.731451511383057,9.896767233276368,0.5462,0.6867,7.5314199729919435,0.999726107229553,0.8951411744111051,-3.8424313068389893,424,4301,11.503707885742188,718.5625,0.0,nan
fashion_lowbit,mlp_256x256,gdmc-v1,uniform,2,3,10,128,0.0,0.0,2.0,0.01,0.0,1,"{""label"": ""gdmc-v1"", ""setting"": ""{\""beta\"": 2.0}"", ""task"": ""fashion"", ""k_mode"": ""fixed"", ""step_scale"": 0.001, ""project_lr_scale"": null, ""grad_noise_rho"": 0.0, ""accept_on"": ""minibatch"", ""select_mode"": ""bernoulli""}",4.314702987670898,8.635558294677734,0.5627,0.6469,8.431205303955078,0.9999994531076383,0.9088584060393252,-0.7402536869049072,486,4301,11.519490718841553,718.5625,0.0,nan
fashion_lowbit,mlp_256x256,gdmc-v1,uniform,2,4,10,128,0.0,0.0,2.0,0.01,0.0,1,"{""label"": ""gdmc-v1"", ""setting"": ""{\""beta\"": 2.0}"", ""task"": ""fashion"", ""k_mode"": ""fixed"", ""step_scale"": 0.001, ""project_lr_scale"": null, ""grad_noise_rho"": 0.0, ""accept_on"": ""minibatch"", ""select_mode"": ""bernoulli""}",10.164987564086914,7.09100129699707,0.5533,0.6751,7.09100129699707,0.9890118703494647,0.9300367135636374,-5.2660627365112305,503,4301,11.475590944290161,718.5625,0.0,nan
fashion_lowbit,mlp_256x256,gdmc-v1,uniform,2,5,10,128,0.0,0.0,2.0,0.01,0.0,1,"{""label"": ""gdmc-v1"", ""setting"": ""{\""beta\"": 2.0}"", ""task"": ""fashion"", ""k_mode"": ""fixed"", ""step_scale"": 0.001, ""project_lr_scale"": null, ""grad_noise_rho"": 0.0, ""accept_on"": ""minibatch"", ""select_mode"": ""bernoulli""}",4.093456268310547,9.496807371520996,0.567,0.6523,8.517238642883301,0.9999999830957148,0.9293187631097962,-1.3500111103057861,413,4301,11.495471000671387,718.5625,0.0,nan
fashion_lowbit,mlp_256x256,gdmc-v1,uniform,2,6,10,128,0.0,0.0,2.0,0.01,0.0,1,"{""label"": ""gdmc-v1"", ""setting"": ""{\""beta\"": 2.0}"", ""task"": ""fashion"", ""k_mode"": ""fixed"", ""step_scale"": 0.001, ""project_lr_scale"": null, ""grad_noise_rho"": 0.0, ""accept_on"": ""minibatch"", ""select_mode"": ""bernoulli""}",23.735698699951172,8.84422023010254,0.5685,0.6356,7.118817045593262,0.9999999335126847,0.9188560801050681,-12.29057502746582,503,4301,11.516968011856079,718.5625,0.0,nan
fashion_lowbit,mlp_256x256,gdmc-v1,uniform,2,7,10,128,0.0,0.0,2.0,0.01,0.0,1,"{""label"": ""gdmc-v1"", ""setting"": ""{\""beta\"": 2.0}"", ""task"": ""fashion"", ""k_mode"": ""fixed"", ""step_scale"": 0.001, ""project_lr_scale"": null, ""grad_noise_rho"": 0.0, ""accept_on"": ""minibatch"", ""select_mode"": ""bernoulli""}",11.88025188446045,8.619411018371583,0.5844,0.6585,6.313785902404785,0.9999588901683295,0.8609626433105447,-4.8301920890808105,523,4301,11.323206186294556,718.5625,0.0,nan
fashion_lowbit,mlp_256x256,gdmc-v1,uniform,4,0,10,128,0.0,0.0,1.0,0.01,0.0,1,"{""label"": ""gdmc-v1"", ""setting"": ""{\""beta\"": 1.0}"", ""task"": ""fashion"", ""k_mode"": ""fixed"", ""step_scale"": 0.001, ""project_lr_scale"": null, ""grad_noise_rho"": 0.0, ""accept_on"": ""minibatch"", ""select_mode"": ""bernoulli""}",12.313541412353516,13.879190605163574,0.7442,0.763,2.0928652210235597,0.9999999999999994,0.9944199023482907,-7.3489861488342285,2194,4301,11.49426794052124,718.5625,0.0,nan
fashion_lowbit,mlp_256x256,gdmc-v1,uniform,4,1,10,128,0.0,0.0,1.0,0.01,0.0,1,"{""label"": ""gdmc-v1"", ""setting"": ""{\""beta\"": 1.0}"", ""task"": ""fashion"", ""k_mode"": ""fixed"", ""step_scale"": 0.001, ""project_lr_scale"": null, ""grad_noise_rho"": 0.0, ""accept_on"": ""minibatch"", ""select_mode"": ""bernoulli""}",11.275877952575684,12.734945628356934,0.7524,0.757,2.1811436264038084,0.9745813417163566,0.995397198155375,-5.170295238494873,2273,4301,11.40196418762207,718.5625,0.0,nan
fashion_lowbit,mlp_256x256,gdmc-v1,uniform,4,2,10,128,0.0,0.0,1.0,0.01,0.0,1,"{""label"": ""gdmc-v1"", ""setting"": ""{\""beta\"": 1.0}"", ""task"": ""fashion"", ""k_mode"": ""fixed"", ""step_scale"": 0.001, ""project_lr_scale"": null, ""grad_noise_rho"": 0.0, ""accept_on"": ""minibatch"", ""select_mode"": ""bernoulli""}",16.217098236083984,14.926201397705078,0.7496,0.7555,2.147737631225586,0.9961847957552304,0.9951245109588367,-3.889009475708008,2138,4301,11.318644046783447,718.5625,0.0,nan
fashion_lowbit,mlp_256x256,gdmc-v1,uniform,4,3,10,128,0.0,0.0,1.0,0.01,0.0,1,"{""label"": ""gdmc-v1"", ""setting"": ""{\""beta\"": 1.0}"", ""task"": ""fashion"", ""k_mode"": ""fixed"", ""step_scale"": 0.001, ""project_lr_scale"": null, ""grad_noise_rho"": 0.0, ""accept_on"": ""minibatch"", ""select_mode"": ""bernoulli""}",12.445484161376953,13.684734887695312,0.7584,0.7584,2.091155432510376,0.9995361602313412,0.9948857732430011,-5.70195198059082,2112,4301,11.441380977630615,718.5625,0.0,nan
fashion_lowbit,mlp_256x256,gdmc-v1,uniform,4,4,10,128,0.0,0.0,1.0,0.01,0.0,1,"{""label"": ""gdmc-v1"", ""setting"": ""{\""beta\"": 1.0}"", ""task"": ""fashion"", ""k_mode"": ""fixed"", ""step_scale"": 0.001, ""project_lr_scale"": null, ""grad_noise_rho"": 0.0, ""accept_on"": ""minibatch"", ""select_mode"": ""bernoulli""}",16.89783477783203,13.312348678588867,0.7583,0.7583,2.1107625984191896,0.9999999999988354,0.9955824226923988,-7.608811378479004,2252,4301,11.416141986846924,718.5625,0.0,nan
fashion_lowbit,mlp_256x256,gdmc-v1,uniform,4,5,10,128,0.0,0.0,1.0,0.01,0.0,1,"{""label"": ""gdmc-v1"", ""setting"": ""{\""beta\"": 1.0}"", ""task"": ""fashion"", ""k_mode"": ""fixed"", ""step_scale"": 0.001, ""project_lr_scale"": null, ""grad_noise_rho"": 0.0, ""accept_on"": ""minibatch"", ""select_mode"": ""bernoulli""}",17.93947982788086,14.578301849365234,0.7444,0.7676,2.1221953044891357,0.9794108867880377,0.9944581987690523,-11.116465091705322,2264,4301,11.54714298248291,718.5625,0.0,nan
fashion_lowbit,mlp_256x256,gdmc-v1,uniform,4,6,10,128,0.0,0.0,1.0,0.01,0.0,1,"{""label"": ""gdmc-v1"", ""setting"": ""{\""beta\"": 1.0}"", ""task"": ""fashion"", ""k_mode"": ""fixed"", ""step_scale"": 0.001, ""project_lr_scale"": null, ""grad_noise_rho"": 0.0, ""accept_on"": ""minibatch"", ""select_mode"": ""bernoulli""}",14.649643898010254,12.721318811035156,0.7438,0.7628,2.079860531616211,0.9999999999922804,0.997674959311802,-5.642634391784668,2081,4301,11.279237031936646,718.5625,0.0,nan
fashion_lowbit,mlp_256x256,gdmc-v1,uniform,4,7,10,128,0.0,0.0,1.0,0.01,0.0,1,"{""label"": ""gdmc-v1"", ""setting"": ""{\""beta\"": 1.0}"", ""task"": ""fashion"", ""k_mode"": ""fixed"", ""step_scale"": 0.001, ""project_lr_scale"": null, ""grad_noise_rho"": 0.0, ""accept_on"": ""minibatch"", ""select_mode"": ""bernoulli""}",10.81881332397461,13.34139245147705,0.7824,0.7824,2.0761974933624265,0.9999932954728364,0.9946524188877509,-6.227272033691406,2203,4301,11.605944156646729,718.5625,0.0,nan
fashion_lowbit,mlp_256x256,gdmc-v1,uniform,8,0,10,128,0.0,0.0,1.0,0.01,0.0,1,"{""label"": ""gdmc-v1"", ""setting"": ""{\""beta\"": 1.0}"", ""task"": ""fashion"", ""k_mode"": ""fixed"", ""step_scale"": 0.001, ""project_lr_scale"": null, ""grad_noise_rho"": 0.0, ""accept_on"": ""minibatch"", ""select_mode"": ""bernoulli""}",0.345488965511322,0.43899770774841307,0.8492,0.8492,0.43899770774841307,1.0,1.0,-0.026886731386184692,2629,4301,11.667023181915283,718.5625,0.0,nan
fashion_lowbit,mlp_256x256,gdmc-v1,uniform,8,1,10,128,0.0,0.0,1.0,0.01,0.0,1,"{""label"": ""gdmc-v1"", ""setting"": ""{\""beta\"": 1.0}"", ""task"": ""fashion"", ""k_mode"": ""fixed"", ""step_scale"": 0.001, ""project_lr_scale"": null, ""grad_noise_rho"": 0.0, ""accept_on"": ""minibatch"", ""select_mode"": ""bernoulli""}",0.34202244877815247,0.4349164001941681,0.8478,0.8478,0.4349164001941681,1.0,1.0,-0.03596717119216919,2536,4301,11.61557412147522,718.5625,0.0,nan
fashion_lowbit,mlp_256x256,gdmc-v1,uniform,8,2,10,128,0.0,0.0,1.0,0.01,0.0,1,"{""label"": ""gdmc-v1"", ""setting"": ""{\""beta\"": 1.0}"", ""task"": ""fashion"", ""k_mode"": ""fixed"", ""step_scale"": 0.001, ""project_lr_scale"": null, ""grad_noise_rho"": 0.0, ""accept_on"": ""minibatch"", ""select_mode"": ""bernoulli""}",0.3583005666732788,0.44245222687721253,0.8466,0.8466,0.4412236572265625,1.0,1.0,-0.024802058935165405,2514,4301,11.4798002243042,718.5625,0.0,nan
fashion_lowbit,mlp_256x256,gdmc-v1,uniform,8,3,10,128,0.0,0.0,1.0,0.01,0.0,1,"{""label"": ""gdmc-v1"", ""setting"": ""{\""beta\"": 1.0}"", ""task"": ""fashion"", ""k_mode"": ""fixed"", ""step_scale"": 0.001, ""project_lr_scale"": null, ""grad_noise_rho"": 0.0, ""accept_on"": ""minibatch"", ""select_mode"": ""bernoulli""}",0.4735126793384552,0.4411266625881195,0.8466,0.8466,0.4411266625881195,1.0,1.0,-0.029322266578674316,2538,4301,11.103068828582764,718.5625,0.0,nan
fashion_lowbit,mlp_256x256,gdmc-v1,uniform,8,4,10,128,0.0,0.0,1.0,0.01,0.0,1,"{""label"": ""gdmc-v1"", ""setting"": ""{\""beta\"": 1.0}"", ""task"": ""fashion"", ""k_mode"": ""fixed"", ""step_scale"": 0.001, ""project_lr_scale"": null, ""grad_noise_rho"": 0.0, ""accept_on"": ""minibatch"", ""select_mode"": ""bernoulli""}",0.5088515877723694,0.43330788388252256,0.8488,0.8488,0.43330788388252256,1.0,1.0,-0.05266594886779785,2570,4301,10.989359140396118,718.5625,0.0,nan
fashion_lowbit,mlp_256x256,gdmc-v1,uniform,8,5,10,128,0.0,0.0,1.0,0.01,0.0,1,"{""label"": ""gdmc-v1"", ""setting"": ""{\""beta\"": 1.0}"", ""task"": ""fashion"", ""k_mode"": ""fixed"", ""step_scale"": 0.001, ""project_lr_scale"": null, ""grad_noise_rho"": 0.0, ""accept_on"": ""minibatch"", ""select_mode"": ""bernoulli""}",0.4943943917751312,0.4411724663257599,0.846,0.846,0.4411724663257599,1.0,1.0,-0.04245385527610779,2518,4301,11.187479972839355,718.5625,0.0,nan
fashion_lowbit,mlp_256x256,gdmc-v1,uniform,8,6,10,128,0.0,0.0,1.0,0.01,0.0,1,"{""label"": ""gdmc-v1"", ""setting"": ""{\""beta\"": 1.0}"", ""task"": ""fashion"", ""k_mode"": ""fixed"", ""step_scale"": 0.001, ""project_lr_scale"": null, ""grad_noise_rho"": 0.0, ""accept_on"": ""minibatch"", ""select_mode"": ""bernoulli""}",0.5346713662147522,0.435286007642746,0.8468,0.8468,0.435286007642746,1.0,1.0,-0.03675207495689392,2518,4301,11.766998052597046,718.5625,0.0,nan
fashion_lowbit,mlp_256x256,gdmc-v1,uniform,8,7,10,128,0.0,0.0,1.0,0.01,0.0,1,"{""label"": ""gdmc-v1"", ""setting"": ""{\""beta\"": 1.0}"", ""task"": ""fashion"", ""k_mode"": ""fixed"", ""step_scale"": 0.001, ""project_lr_scale"": null, ""grad_noise_rho"": 0.0, ""accept_on"": ""minibatch"", ""select_mode"": ""bernoulli""}",0.3467422127723694,0.4367940525531769,0.8464,0.8477,0.4367940525531769,1.0,1.0,-0.05094754695892334,2636,4301,11.541974067687988,718.5625,0.0,nan
fashion_lowbit,mlp_256x256,gdmc-v2,uniform,2,0,10,128,0.0,0.0,4.0,0.01,0.9,1,"{""label"": ""gdmc-v2"", ""setting"": ""{\""beta\"": 4.0}"", ""task"": ""fashion"", ""k_mode"": ""fixed"", ""step_scale"": 0.001, ""project_lr_scale"": null, ""grad_noise_rho"": 0.0, ""accept_on"": ""minibatch"", ""select_mode"": ""bernoulli""}",1.8606171607971191,2.211713669967651,0.3069,0.3069,2.0198393730163575,0.9128853843665706,0.777888146227637,0.022868633270263672,29,4301,12.039619207382202,718.5625,0.0,nan
fashion_lowbit,mlp_256x256,gdmc-v2,uniform,2,1,10,128,0.0,0.0,4.0,0.01,0.9,1,"{""label"": ""gdmc-v2"", ""setting"": ""{\""beta\"": 4.0}"", ""task"": ""fashion"", ""k_mode"": ""fixed"", ""step_scale"": 0.001, ""project_lr_scale"": null, ""grad_noise_rho"": 0.0, ""accept_on"": ""minibatch"", ""select_mode"": ""bernoulli""}",2.0331075191497803,2.0080227834701536,0.3543,0.3543,1.8420658994674683,0.8823386755593262,0.8370009975809173,-0.0765761137008667,32,4301,12.266854047775269,718.5625,0.0,nan
fashion_lowbit,mlp_256x256,gdmc-v2,uniform,2,2,10,128,0.0,0.0,4.0,0.01,0.9,1,"{""label"": ""gdmc-v2"", ""setting"": ""{\""beta\"": 4.0}"", ""task"": ""fashion"", ""k_mode"": ""fixed"", ""step_scale"": 0.001, ""project_lr_scale"": null, ""grad_noise_rho"": 0.0, ""accept_on"": ""minibatch"", ""select_mode"": ""bernoulli""}",1.9302517175674438,1.9211206729888917,0.3194,0.3194,1.9211206729888917,0.8700808335425035,0.7175167061919693,-0.07333803176879883,20,4301,12.230893850326538,718.5625,0.0,nan
fashion_lowbit,mlp_256x256,gdmc-v2,uniform,2,3,10,128,0.0,0.0,4.0,0.01,0.9,1,"{""label"": ""gdmc-v2"", ""setting"": ""{\""beta\"": 4.0}"", ""task"": ""fashion"", ""k_mode"": ""fixed"", ""step_scale"": 0.001, ""project_lr_scale"": null, ""grad_noise_rho"": 0.0, ""accept_on"": ""minibatch"", ""select_mode"": ""bernoulli""}",1.7624748945236206,1.694699278640747,0.3629,0.3629,1.694699278640747,0.9116912673498365,0.8213686281937227,0.05465114116668701,15,4301,12.12953805923462,718.5625,0.0,nan
fashion_lowbit,mlp_256x256,gdmc-v2,uniform,2,4,10,128,0.0,0.0,4.0,0.01,0.9,1,"{""label"": ""gdmc-v2"", ""setting"": ""{\""beta\"": 4.0}"", ""task"": ""fashion"", ""k_mode"": ""fixed"", ""step_scale"": 0.001, ""project_lr_scale"": null, ""grad_noise_rho"": 0.0, ""accept_on"": ""minibatch"", ""select_mode"": ""bernoulli""}",2.4520883560180664,2.5672433780670167,0.1001,0.307,1.9990285963058472,0.9008546848284129,0.7923257759872989,0.0015118122100830078,4,4301,11.525481939315796,718.5625,0.0,nan
fashion_lowbit,mlp_256x256,gdmc-v2,uniform,2,5,10,128,0.0,0.0,4.0,0.01,0.9,1,"{""label"": ""gdmc-v2"", ""setting"": ""{\""beta\"": 4.0}"", ""task"": ""fashion"", ""k_mode"": ""fixed"", ""step_scale"": 0.001, ""project_lr_scale"": null, ""grad_noise_rho"": 0.0, ""accept_on"": ""minibatch"", ""select_mode"": ""bernoulli""}",2.047755241394043,2.261226145553589,0.2379,0.2783,2.0418682931900025,0.829207281472896,0.8224520673676393,0.08713722229003906,7,4301,11.464016199111938,718.5625,0.0,nan
fashion_lowbit,mlp_256x256,gdmc-v2,uniform,2,6,10,128,0.0,0.0,4.0,0.01,0.9,1,"{""label"": ""gdmc-v2"", ""setting"": ""{\""beta\"": 4.0}"", ""task"": ""fashion"", ""k_mode"": ""fixed"", ""step_scale"": 0.001, ""project_lr_scale"": null, ""grad_noise_rho"": 0.0, ""accept_on"": ""minibatch"", ""select_mode"": ""bernoulli""}",2.0583603382110596,2.05542071685791,0.3148,0.3478,2.05542071685791,0.9921958100008653,0.8140112609904656,-0.03478503227233887,20,4301,11.623927116394043,718.5625,0.0,nan
fashion_lowbit,mlp_256x256,gdmc-v2,uniform,2,7,10,128,0.0,0.0,4.0,0.01,0.9,1,"{""label"": ""gdmc-v2"", ""setting"": ""{\""beta\"": 4.0}"", ""task"": ""fashion"", ""k_mode"": ""fixed"", ""step_scale"": 0.001, ""project_lr_scale"": null, ""grad_noise_rho"": 0.0, ""accept_on"": ""minibatch"", ""select_mode"": ""bernoulli""}",1.949238657951355,2.1958084392547605,0.3424,0.3424,1.7820437648773193,0.8475845461508745,0.8170702914742601,0.07023918628692627,22,4301,11.545342922210693,718.5625,0.0,nan
fashion_lowbit,mlp_256x256,gdmc-v2,uniform,4,0,10,128,0.0,0.0,2.0,0.01,0.9,1,"{""label"": ""gdmc-v2"", ""setting"": ""{\""beta\"": 2.0}"", ""task"": ""fashion"", ""k_mode"": ""fixed"", ""step_scale"": 0.001, ""project_lr_scale"": null, ""grad_noise_rho"": 0.0, ""accept_on"": ""minibatch"", ""select_mode"": ""bernoulli""}",0.9478429555892944,0.9110448781013489,0.7034,0.8009,0.7279259232521057,0.9651321559891554,0.9961122861548676,-0.024260878562927246,172,4301,11.819483995437622,718.5625,0.0,nan
fashion_lowbit,mlp_256x256,gdmc-v2,uniform,4,1,10,128,0.0,0.0,2.0,0.01,0.9,1,"{""label"": ""gdmc-v2"", ""setting"": ""{\""beta\"": 2.0}"", ""task"": ""fashion"", ""k_mode"": ""fixed"", ""step_scale"": 0.001, ""project_lr_scale"": null, ""grad_noise_rho"": 0.0, ""accept_on"": ""minibatch"", ""select_mode"": ""bernoulli""}",0.7506058216094971,0.7581981995582581,0.7664,0.8062,0.6531078169822693,0.99999999101855,0.9946524064338179,-0.07012319564819336,175,4301,11.755563020706177,718.5625,0.0,nan
fashion_lowbit,mlp_256x256,gdmc-v2,uniform,4,2,10,128,0.0,0.0,2.0,0.01,0.9,1,"{""label"": ""gdmc-v2"", ""setting"": ""{\""beta\"": 2.0}"", ""task"": ""fashion"", ""k_mode"": ""fixed"", ""step_scale"": 0.001, ""project_lr_scale"": null, ""grad_noise_rho"": 0.0, ""accept_on"": ""minibatch"", ""select_mode"": ""bernoulli""}",0.6569006443023682,0.8823472506523132,0.7369,0.7899,0.684247077178955,0.9999999999611358,0.9946524064171844,-0.01834005117416382,167,4301,12.146463871002197,718.5625,0.0,nan
fashion_lowbit,mlp_256x256,gdmc-v2,uniform,4,3,10,128,0.0,0.0,2.0,0.01,0.9,1,"{""label"": ""gdmc-v2"", ""setting"": ""{\""beta\"": 2.0}"", ""task"": ""fashion"", ""k_mode"": ""fixed"", ""step_scale"": 0.001, ""project_lr_scale"": null, ""grad_noise_rho"": 0.0, ""accept_on"": ""minibatch"", ""select_mode"": ""bernoulli""}",0.8231926560401917,0.7974428708076478,0.7693,0.7768,0.6607881584167481,0.9999897689379729,0.9941874173095783,-0.04466104507446289,177,4301,11.604042053222656,718.5625,0.0,nan
fashion_lowbit,mlp_256x256,gdmc-v2,uniform,4,4,10,128,0.0,0.0,2.0,0.01,0.9,1,"{""label"": ""gdmc-v2"", ""setting"": ""{\""beta\"": 2.0}"", ""task"": ""fashion"", ""k_mode"": ""fixed"", ""step_scale"": 0.001, ""project_lr_scale"": null, ""grad_noise_rho"": 0.0, ""accept_on"": ""minibatch"", ""select_mode"": ""bernoulli""}",0.9656259417533875,0.7299867349624634,0.7895,0.7942,0.6730634550094604,0.9999999515124893,0.9944199024384793,-0.13927727937698364,203,4301,11.883119106292725,718.5625,0.0,nan
fashion_lowbit,mlp_256x256,gdmc-v2,uniform,4,5,10,128,0.0,0.0,2.0,0.01,0.9,1,"{""label"": ""gdmc-v2"", ""setting"": ""{\""beta\"": 2.0}"", ""task"": ""fashion"", ""k_mode"": ""fixed"", ""step_scale"": 0.001, ""project_lr_scale"": null, ""grad_noise_rho"": 0.0, ""accept_on"": ""minibatch"", ""select_mode"": ""bernoulli""}",0.602182149887085,0.9074933396339416,0.742,0.7934,0.6898074358940125,0.9999999999999994,0.9960474308300391,-0.007262885570526123,166,4301,11.855392932891846,718.5625,0.0,nan
fashion_lowbit,mlp_256x256,gdmc-v2,uniform,4,6,10,128,0.0,0.0,2.0,0.01,0.9,1,"{""label"": ""gdmc-v2"", ""setting"": ""{\""beta\"": 2.0}"", ""task"": ""fashion"", ""k_mode"": ""fixed"", ""step_scale"": 0.001, ""project_lr_scale"": null, ""grad_noise_rho"": 0.0, ""accept_on"": ""minibatch"", ""select_mode"": ""bernoulli""}",0.9251875281333923,0.7775325987815856,0.7675,0.7978,0.6971117628097534,0.9999895504323668,0.995814946197754,-0.13030517101287842,203,4301,11.98021912574768,718.5625,0.0,nan
fashion_lowbit,mlp_256x256,gdmc-v2,uniform,4,7,10,128,0.0,0.0,2.0,0.01,0.9,1,"{""label"": ""gdmc-v2"", ""setting"": ""{\""beta\"": 2.0}"", ""task"": ""fashion"", ""k_mode"": ""fixed"", ""step_scale"": 0.001, ""project_lr_scale"": null, ""grad_noise_rho"": 0.0, ""accept_on"": ""minibatch"", ""select_mode"": ""bernoulli""}",0.5929799675941467,0.7733713333129882,0.7304,0.7809,0.703003994846344,0.9999999846409604,0.9955824227209651,-0.017430126667022705,220,4301,12.276442289352417,718.5625,0.0,nan
fashion_lowbit,mlp_256x256,gdmc-v2,uniform,8,0,10,128,0.0,0.0,4.0,0.01,0.9,1,"{""label"": ""gdmc-v2"", ""setting"": ""{\""beta\"": 4.0}"", ""task"": ""fashion"", ""k_mode"": ""fixed"", ""step_scale"": 0.001, ""project_lr_scale"": null, ""grad_noise_rho"": 0.0, ""accept_on"": ""minibatch"", ""select_mode"": ""bernoulli""}",0.2545340955257416,0.3391729560852051,0.8779,0.8779,0.3391729560852051,0.9999999999999994,0.997907463380609,-0.007043749094009399,2754,4301,11.941843032836914,718.5625,0.0,nan
fashion_lowbit,mlp_256x256,gdmc-v2,uniform,8,1,10,128,0.0,0.0,4.0,0.01,0.9,1,"{""label"": ""gdmc-v2"", ""setting"": ""{\""beta\"": 4.0}"", ""task"": ""fashion"", ""k_mode"": ""fixed"", ""step_scale"": 0.001, ""project_lr_scale"": null, ""grad_noise_rho"": 0.0, ""accept_on"": ""minibatch"", ""select_mode"": ""bernoulli""}",0.22268080711364746,0.3542141760349274,0.8725,0.8725,0.3542141760349274,0.9999999999999994,0.9990699837247148,-0.00583745539188385,2654,4301,11.972938060760498,718.5625,0.0,nan
fashion_lowbit,mlp_256x256,gdmc-v2,uniform,8,2,10,128,0.0,0.0,4.0,0.01,0.9,1,"{""label"": ""gdmc-v2"", ""setting"": ""{\""beta\"": 4.0}"", ""task"": ""fashion"", ""k_mode"": ""fixed"", ""step_scale"": 0.001, ""project_lr_scale"": null, ""grad_noise_rho"": 0.0, ""accept_on"": ""minibatch"", ""select_mode"": ""bernoulli""}",0.25580108165740967,0.37403881673812867,0.8721,0.8721,0.35684512662887574,0.9999999999999994,0.9983724715182514,-0.008144557476043701,2685,4301,11.63722014427185,718.5625,0.0,nan
fashion_lowbit,mlp_256x256,gdmc-v2,uniform,8,3,10,128,0.0,0.0,4.0,0.01,0.9,1,"{""label"": ""gdmc-v2"", ""setting"": ""{\""beta\"": 4.0}"", ""task"": ""fashion"", ""k_mode"": ""fixed"", ""step_scale"": 0.001, ""project_lr_scale"": null, ""grad_noise_rho"": 0.0, ""accept_on"": ""minibatch"", ""select_mode"": ""bernoulli""}",0.3872813880443573,0.35032281227111817,0.8731,0.8733,0.35032281227111817,0.9999999999999994,0.9988374796558935,-0.026591509580612183,2653,4301,11.78298282623291,718.5625,0.0,nan
fashion_lowbit,mlp_256x256,gdmc-v2,uniform,8,4,10,128,0.0,0.0,4.0,0.01,0.9,1,"{""label"": ""gdmc-v2"", ""setting"": ""{\""beta\"": 4.0}"", ""task"": ""fashion"", ""k_mode"": ""fixed"", ""step_scale"": 0.001, ""project_lr_scale"": null, ""grad_noise_rho"": 0.0, ""accept_on"": ""minibatch"", ""select_mode"": ""bernoulli""}",0.3408081531524658,0.34883143153190616,0.8758,0.8758,0.34883143153190616,0.9999999999999994,0.9988374796558935,-0.0009927451610565186,2720,4301,12.443593978881836,718.5625,0.0,nan
fashion_lowbit,mlp_256x256,gdmc-v2,uniform,8,5,10,128,0.0,0.0,4.0,0.01,0.9,1,"{""label"": ""gdmc-v2"", ""setting"": ""{\""beta\"": 4.0}"", ""task"": ""fashion"", ""k_mode"": ""fixed"", ""step_scale"": 0.001, ""project_lr_scale"": null, ""grad_noise_rho"": 0.0, ""accept_on"": ""minibatch"", ""select_mode"": ""bernoulli""}",0.24728679656982422,0.35073353366851806,0.8784,0.8784,0.3470020887851715,0.9999999999999994,0.9983724715182511,-0.005477041006088257,2652,4301,11.451163053512573,718.5625,0.0,nan
fashion_lowbit,mlp_256x256,gdmc-v2,uniform,8,6,10,128,0.0,0.0,4.0,0.01,0.9,1,"{""label"": ""gdmc-v2"", ""setting"": ""{\""beta\"": 4.0}"", ""task"": ""fashion"", ""k_mode"": ""fixed"", ""step_scale"": 0.001, ""project_lr_scale"": null, ""grad_noise_rho"": 0.0, ""accept_on"": ""minibatch"", ""select_mode"": ""bernoulli""}",0.3715365529060364,0.3480382946014404,0.8746,0.8746,0.3480382946014404,0.9999999999999994,0.9976749593117875,-0.01452818512916565,2660,4301,11.46980905532837,718.5625,0.0,nan
fashion_lowbit,mlp_256x256,gdmc-v2,uniform,8,7,10,128,0.0,0.0,4.0,0.01,0.9,1,"{""label"": ""gdmc-v2"", ""setting"": ""{\""beta\"": 4.0}"", ""task"": ""fashion"", ""k_mode"": ""fixed"", ""step_scale"": 0.001, ""project_lr_scale"": null, ""grad_noise_rho"": 0.0, ""accept_on"": ""minibatch"", ""select_mode"": ""bernoulli""}",0.2457324117422104,0.347148673582077,0.8762,0.8762,0.347148673582077,0.9999999996573392,0.9986049755877097,-0.018331333994865417,2736,4301,11.854614019393921,718.5625,0.0,nan
fashion_lowbit,mlp_256x256,projected-adam,uniform,2,0,10,128,0.01,0.0,2.0,0.01,0.0,1,"{""label"": ""projected-adam"", ""setting"": ""{\""project_lr_scale\"": 0.5}"", ""task"": ""fashion"", ""k_mode"": ""fixed"", ""step_scale"": 0.001, ""project_lr_scale"": 0.5, ""grad_noise_rho"": 0.0, ""accept_on"": ""minibatch"", ""select_mode"": ""bernoulli""}",76.24200439453125,136.77143693847657,0.4917,0.7152,13.460576249694824,nan,nan,nan,0,4301,7.5971760749816895,718.5625,0.0,nan
fashion_lowbit,mlp_256x256,projected-adam,uniform,2,1,10,128,0.01,0.0,2.0,0.01,0.0,1,"{""label"": ""projected-adam"", ""setting"": ""{\""project_lr_scale\"": 0.5}"", ""task"": ""fashion"", ""k_mode"": ""fixed"", ""step_scale"": 0.001, ""project_lr_scale"": 0.5, ""grad_noise_rho"": 0.0, ""accept_on"": ""minibatch"", ""select_mode"": ""bernoulli""}",2.7903592586517334,2.4212511779785157,0.2676,0.7569,2.4212511779785157,nan,nan,nan,0,4301,7.61183500289917,718.5625,0.0,nan
fashion_lowbit,mlp_256x256,projected-adam,uniform,2,2,10,128,0.01,0.0,2.0,0.01,0.0,1,"{""label"": ""projected-adam"", ""setting"": ""{\""project_lr_scale\"": 0.5}"", ""task"": ""fashion"", ""k_mode"": ""fixed"", ""step_scale"": 0.001, ""project_lr_scale"": 0.5, ""grad_noise_rho"": 0.0, ""accept_on"": ""minibatch"", ""select_mode"": ""bernoulli""}",2.385446310043335,3.553570951461792,0.4482,0.7313,3.230497423171997,nan,nan,nan,0,4301,7.573279857635498,718.5625,0.0,nan
fashion_lowbit,mlp_256x256,projected-adam,uniform,2,3,10,128,0.01,0.0,2.0,0.01,0.0,1,"{""label"": ""projected-adam"", ""setting"": ""{\""project_lr_scale\"": 0.5}"", ""task"": ""fashion"", ""k_mode"": ""fixed"", ""step_scale"": 0.001, ""project_lr_scale"": 0.5, ""grad_noise_rho"": 0.0, ""accept_on"": ""minibatch"", ""select_mode"": ""bernoulli""}",2.683455467224121,2.2517010360717773,0.2641,0.7224,2.2517010360717773,nan,nan,nan,0,4301,7.599919080734253,718.5625,0.0,nan
fashion_lowbit,mlp_256x256,projected-adam,uniform,2,4,10,128,0.01,0.0,2.0,0.01,0.0,1,"{""label"": ""projected-adam"", ""setting"": ""{\""project_lr_scale\"": 0.5}"", ""task"": ""fashion"", ""k_mode"": ""fixed"", ""step_scale"": 0.001, ""project_lr_scale"": 0.5, ""grad_noise_rho"": 0.0, ""accept_on"": ""minibatch"", ""select_mode"": ""bernoulli""}",3.839186668395996,3.0826435482025145,0.3886,0.7421,3.0826435482025145,nan,nan,nan,0,4301,7.5130650997161865,718.5625,0.0,nan
fashion_lowbit,mlp_256x256,projected-adam,uniform,2,5,10,128,0.01,0.0,2.0,0.01,0.0,1,"{""label"": ""projected-adam"", ""setting"": ""{\""project_lr_scale\"": 0.5}"", ""task"": ""fashion"", ""k_mode"": ""fixed"", ""step_scale"": 0.001, ""project_lr_scale"": 0.5, ""grad_noise_rho"": 0.0, ""accept_on"": ""minibatch"", ""select_mode"": ""bernoulli""}",2.1090123653411865,2.444265942001343,0.1908,0.7679,2.444265942001343,nan,nan,nan,0,4301,7.564960956573486,718.5625,0.0,nan
fashion_lowbit,mlp_256x256,projected-adam,uniform,2,6,10,128,0.01,0.0,2.0,0.01,0.0,1,"{""label"": ""projected-adam"", ""setting"": ""{\""project_lr_scale\"": 0.5}"", ""task"": ""fashion"", ""k_mode"": ""fixed"", ""step_scale"": 0.001, ""project_lr_scale"": 0.5, ""grad_noise_rho"": 0.0, ""accept_on"": ""minibatch"", ""select_mode"": ""bernoulli""}",4.880413055419922,6.015066049957276,0.3145,0.7222,6.015066049957276,nan,nan,nan,0,4301,7.724531888961792,718.5625,0.0,nan
fashion_lowbit,mlp_256x256,projected-adam,uniform,2,7,10,128,0.01,0.0,2.0,0.01,0.0,1,"{""label"": ""projected-adam"", ""setting"": ""{\""project_lr_scale\"": 0.5}"", ""task"": ""fashion"", ""k_mode"": ""fixed"", ""step_scale"": 0.001, ""project_lr_scale"": 0.5, ""grad_noise_rho"": 0.0, ""accept_on"": ""minibatch"", ""select_mode"": ""bernoulli""}",8.660048484802246,4.8753696601867675,0.5061,0.7227,4.8753696601867675,nan,nan,nan,0,4301,7.755465984344482,718.5625,0.0,nan
fashion_lowbit,mlp_256x256,projected-adam,uniform,4,0,10,128,0.01,0.0,2.0,0.01,0.0,1,"{""label"": ""projected-adam"", ""setting"": ""{\""project_lr_scale\"": 0.5}"", ""task"": ""fashion"", ""k_mode"": ""fixed"", ""step_scale"": 0.001, ""project_lr_scale"": 0.5, ""grad_noise_rho"": 0.0, ""accept_on"": ""minibatch"", ""select_mode"": ""bernoulli""}",0.6687219142913818,0.885235865688324,0.6286,0.7689,0.8138445137023925,nan,nan,nan,0,4301,7.915737867355347,718.5625,0.0,nan
fashion_lowbit,mlp_256x256,projected-adam,uniform,4,1,10,128,0.01,0.0,2.0,0.01,0.0,1,"{""label"": ""projected-adam"", ""setting"": ""{\""project_lr_scale\"": 0.5}"", ""task"": ""fashion"", ""k_mode"": ""fixed"", ""step_scale"": 0.001, ""project_lr_scale"": 0.5, ""grad_noise_rho"": 0.0, ""accept_on"": ""minibatch"", ""select_mode"": ""bernoulli""}",1.3312207460403442,1.3824280500411987,0.4312,0.763,0.7497498893737793,nan,nan,nan,0,4301,7.970004081726074,718.5625,0.0,nan
fashion_lowbit,mlp_256x256,projected-adam,uniform,4,2,10,128,0.01,0.0,2.0,0.01,0.0,1,"{""label"": ""projected-adam"", ""setting"": ""{\""project_lr_scale\"": 0.5}"", ""task"": ""fashion"", ""k_mode"": ""fixed"", ""step_scale"": 0.001, ""project_lr_scale"": 0.5, ""grad_noise_rho"": 0.0, ""accept_on"": ""minibatch"", ""select_mode"": ""bernoulli""}",1.0641521215438843,1.0924057538986207,0.5568,0.7652,0.9800541108131409,nan,nan,nan,0,4301,7.538579940795898,718.5625,0.0,nan
fashion_lowbit,mlp_256x256,projected-adam,uniform,4,3,10,128,0.01,0.0,2.0,0.01,0.0,1,"{""label"": ""projected-adam"", ""setting"": ""{\""project_lr_scale\"": 0.5}"", ""task"": ""fashion"", ""k_mode"": ""fixed"", ""step_scale"": 0.001, ""project_lr_scale"": 0.5, ""grad_noise_rho"": 0.0, ""accept_on"": ""minibatch"", ""select_mode"": ""bernoulli""}",1.135432243347168,1.2288327737808227,0.5125,0.7667,0.6750007474899292,nan,nan,nan,0,4301,7.54930305480957,718.5625,0.0,nan
fashion_lowbit,mlp_256x256,projected-adam,uniform,4,4,10,128,0.01,0.0,2.0,0.01,0.0,1,"{""label"": ""projected-adam"", ""setting"": ""{\""project_lr_scale\"": 0.5}"", ""task"": ""fashion"", ""k_mode"": ""fixed"", ""step_scale"": 0.001, ""project_lr_scale"": 0.5, ""grad_noise_rho"": 0.0, ""accept_on"": ""minibatch"", ""select_mode"": ""bernoulli""}",1.0273466110229492,0.8902559136390686,0.698,0.7224,0.8902559136390686,nan,nan,nan,0,4301,7.960106372833252,718.5625,0.0,nan
fashion_lowbit,mlp_256x256,projected-adam,uniform,4,5,10,128,0.01,0.0,2.0,0.01,0.0,1,"{""label"": ""projected-adam"", ""setting"": ""{\""project_lr_scale\"": 0.5}"", ""task"": ""fashion"", ""k_mode"": ""fixed"", ""step_scale"": 0.001, ""project_lr_scale"": 0.5, ""grad_noise_rho"": 0.0, ""accept_on"": ""minibatch"", ""select_mode"": ""bernoulli""}",0.8092917799949646,0.9482554239273071,0.6323,0.73,0.9482554239273071,nan,nan,nan,0,4301,7.625422954559326,718.5625,0.0,nan
fashion_lowbit,mlp_256x256,projected-adam,uniform,4,6,10,128,0.01,0.0,2.0,0.01,0.0,1,"{""label"": ""projected-adam"", ""setting"": ""{\""project_lr_scale\"": 0.5}"", ""task"": ""fashion"", ""k_mode"": ""fixed"", ""step_scale"": 0.001, ""project_lr_scale"": 0.5, ""grad_noise_rho"": 0.0, ""accept_on"": ""minibatch"", ""select_mode"": ""bernoulli""}",0.8130247592926025,0.6589685925483704,0.7406,0.7675,0.6589685925483704,nan,nan,nan,0,4301,7.565185070037842,718.5625,0.0,nan
fashion_lowbit,mlp_256x256,projected-adam,uniform,4,7,10,128,0.01,0.0,2.0,0.01,0.0,1,"{""label"": ""projected-adam"", ""setting"": ""{\""project_lr_scale\"": 0.5}"", ""task"": ""fashion"", ""k_mode"": ""fixed"", ""step_scale"": 0.001, ""project_lr_scale"": 0.5, ""grad_noise_rho"": 0.0, ""accept_on"": ""minibatch"", ""select_mode"": ""bernoulli""}",1.882393717765808,1.880867345046997,0.2713,0.7386,0.893335994052887,nan,nan,nan,0,4301,8.033345699310303,718.5625,0.0,nan
fashion_lowbit,mlp_256x256,projected-adam,uniform,8,0,10,128,0.01,0.0,2.0,0.01,0.0,1,"{""label"": ""projected-adam"", ""setting"": ""{\""project_lr_scale\"": 1.0}"", ""task"": ""fashion"", ""k_mode"": ""fixed"", ""step_scale"": 0.001, ""project_lr_scale"": 1.0, ""grad_noise_rho"": 0.0, ""accept_on"": ""minibatch"", ""select_mode"": ""bernoulli""}",0.28662773966789246,0.3872619099140167,0.8632,0.8682,0.36586587471961973,nan,nan,nan,0,4301,8.223984241485596,718.5625,0.0,nan
fashion_lowbit,mlp_256x256,projected-adam,uniform,8,1,10,128,0.01,0.0,2.0,0.01,0.0,1,"{""label"": ""projected-adam"", ""setting"": ""{\""project_lr_scale\"": 1.0}"", ""task"": ""fashion"", ""k_mode"": ""fixed"", ""step_scale"": 0.001, ""project_lr_scale"": 1.0, ""grad_noise_rho"": 0.0, ""accept_on"": ""minibatch"", ""select_mode"": ""bernoulli""}",0.26593998074531555,0.3849946692466736,0.8635,0.8635,0.3849946692466736,nan,nan,nan,0,4301,8.031895875930786,718.5625,0.0,nan
fashion_lowbit,mlp_256x256,projected-adam,uniform,8,2,10,128,0.01,0.0,2.0,0.01,0.0,1,"{""label"": ""projected-adam"", ""setting"": ""{\""project_lr_scale\"": 1.0}"", ""task"": ""fashion"", ""k_mode"": ""fixed"", ""step_scale"": 0.001, ""project_lr_scale"": 1.0, ""grad_noise_rho"": 0.0, ""accept_on"": ""minibatch"", ""select_mode"": ""bernoulli""}",0.28832605481147766,0.3848571666717529,0.8626,0.8675,0.37050567545890806,nan,nan,nan,0,4301,8.638485193252563,718.5625,0.0,nan
fashion_lowbit,mlp_256x256,projected-adam,uniform,8,3,10,128,0.01,0.0,2.0,0.01,0.0,1,"{""label"": ""projected-adam"", ""setting"": ""{\""project_lr_scale\"": 1.0}"", ""task"": ""fashion"", ""k_mode"": ""fixed"", ""step_scale"": 0.001, ""project_lr_scale"": 1.0, ""grad_noise_rho"": 0.0, ""accept_on"": ""minibatch"", ""select_mode"": ""bernoulli""}",0.3578423857688904,0.3695331998825073,0.8688,0.8688,0.3695331998825073,nan,nan,nan,0,4301,8.642605066299438,718.5625,0.0,nan
fashion_lowbit,mlp_256x256,projected-adam,uniform,8,4,10,128,0.01,0.0,2.0,0.01,0.0,1,"{""label"": ""projected-adam"", ""setting"": ""{\""project_lr_scale\"": 1.0}"", ""task"": ""fashion"", ""k_mode"": ""fixed"", ""step_scale"": 0.001, ""project_lr_scale"": 1.0, ""grad_noise_rho"": 0.0, ""accept_on"": ""minibatch"", ""select_mode"": ""bernoulli""}",0.40809157490730286,0.3808387740135193,0.8674,0.8701,0.36970320148468017,nan,nan,nan,0,4301,8.111176013946533,718.5625,0.0,nan
fashion_lowbit,mlp_256x256,projected-adam,uniform,8,5,10,128,0.01,0.0,2.0,0.01,0.0,1,"{""label"": ""projected-adam"", ""setting"": ""{\""project_lr_scale\"": 1.0}"", ""task"": ""fashion"", ""k_mode"": ""fixed"", ""step_scale"": 0.001, ""project_lr_scale"": 1.0, ""grad_noise_rho"": 0.0, ""accept_on"": ""minibatch"", ""select_mode"": ""bernoulli""}",0.34691739082336426,0.3963183376312256,0.8574,0.8645,0.37800626034736634,nan,nan,nan,0,4301,8.189897060394287,718.5625,0.0,nan
fashion_lowbit,mlp_256x256,projected-adam,uniform,8,6,10,128,0.01,0.0,2.0,0.01,0.0,1,"{""label"": ""projected-adam"", ""setting"": ""{\""project_lr_scale\"": 1.0}"", ""task"": ""fashion"", ""k_mode"": ""fixed"", ""step_scale"": 0.001, ""project_lr_scale"": 1.0, ""grad_noise_rho"": 0.0, ""accept_on"": ""minibatch"", ""select_mode"": ""bernoulli""}",0.47155797481536865,0.3721782581806183,0.8656,0.8656,0.3721782581806183,nan,nan,nan,0,4301,8.577820777893066,718.5625,0.0,nan
fashion_lowbit,mlp_256x256,projected-adam,uniform,8,7,10,128,0.01,0.0,2.0,0.01,0.0,1,"{""label"": ""projected-adam"", ""setting"": ""{\""project_lr_scale\"": 1.0}"", ""task"": ""fashion"", ""k_mode"": ""fixed"", ""step_scale"": 0.001, ""project_lr_scale"": 1.0, ""grad_noise_rho"": 0.0, ""accept_on"": ""minibatch"", ""select_mode"": ""bernoulli""}",0.29843366146087646,0.4021438626766205,0.8583,0.8645,0.3798120429515839,nan,nan,nan,0,4301,8.513471841812134,718.5625,0.0,nan
fashion_lowbit,mlp_256x256,projected-msgd,uniform,2,0,10,128,0.01,0.0,2.0,0.01,0.0,1,"{""label"": ""projected-msgd"", ""setting"": ""{\""project_lr_scale\"": 0.25}"", ""task"": ""fashion"", ""k_mode"": ""fixed"", ""step_scale"": 0.001, ""project_lr_scale"": 0.25, ""grad_noise_rho"": 0.0, ""accept_on"": ""minibatch"", ""select_mode"": ""bernoulli""}",4.560238838195801,4.225493475341797,0.5613,0.5766,4.225493475341797,nan,nan,nan,0,4301,7.121288061141968,718.5625,0.0,nan
fashion_lowbit,mlp_256x256,projected-msgd,uniform,2,1,10,128,0.01,0.0,2.0,0.01,0.0,1,"{""label"": ""projected-msgd"", ""setting"": ""{\""project_lr_scale\"": 0.25}"", ""task"": ""fashion"", ""k_mode"": ""fixed"", ""step_scale"": 0.001, ""project_lr_scale"": 0.25, ""grad_noise_rho"": 0.0, ""accept_on"": ""minibatch"", ""select_mode"": ""bernoulli""}",4.913110256195068,4.025064710235596,0.4763,0.5144,4.025064710235596,nan,nan,nan,0,4301,6.834411859512329,718.5625,0.0,nan
fashion_lowbit,mlp_256x256,projected-msgd,uniform,2,2,10,128,0.01,0.0,2.0,0.01,0.0,1,"{""label"": ""projected-msgd"", ""setting"": ""{\""project_lr_scale\"": 0.25}"", ""task"": ""fashion"", ""k_mode"": ""fixed"", ""step_scale"": 0.001, ""project_lr_scale"": 0.25, ""grad_noise_rho"": 0.0, ""accept_on"": ""minibatch"", ""select_mode"": ""bernoulli""}",3.482940673828125,3.6575871601104737,0.4696,0.5345,3.6575871601104737,nan,nan,nan,0,4301,6.6737220287323,718.5625,0.0,nan
fashion_lowbit,mlp_256x256,projected-msgd,uniform,2,3,10,128,0.01,0.0,2.0,0.01,0.0,1,"{""label"": ""projected-msgd"", ""setting"": ""{\""project_lr_scale\"": 0.25}"", ""task"": ""fashion"", ""k_mode"": ""fixed"", ""step_scale"": 0.001, ""project_lr_scale"": 0.25, ""grad_noise_rho"": 0.0, ""accept_on"": ""minibatch"", ""select_mode"": ""bernoulli""}",3.825063943862915,3.6893601181030276,0.4934,0.5141,3.6356505859375,nan,nan,nan,0,4301,6.658545017242432,718.5625,0.0,nan
fashion_lowbit,mlp_256x256,projected-msgd,uniform,2,4,10,128,0.01,0.0,2.0,0.01,0.0,1,"{""label"": ""projected-msgd"", ""setting"": ""{\""project_lr_scale\"": 0.25}"", ""task"": ""fashion"", ""k_mode"": ""fixed"", ""step_scale"": 0.001, ""project_lr_scale"": 0.25, ""grad_noise_rho"": 0.0, ""accept_on"": ""minibatch"", ""select_mode"": ""bernoulli""}",2.5767149925231934,2.481818793106079,0.1924,0.1924,2.481818793106079,nan,nan,nan,0,4301,6.7547447681427,718.5625,0.0,nan
fashion_lowbit,mlp_256x256,projected-msgd,uniform,2,5,10,128,0.01,0.0,2.0,0.01,0.0,1,"{""label"": ""projected-msgd"", ""setting"": ""{\""project_lr_scale\"": 0.25}"", ""task"": ""fashion"", ""k_mode"": ""fixed"", ""step_scale"": 0.001, ""project_lr_scale"": 0.25, ""grad_noise_rho"": 0.0, ""accept_on"": ""minibatch"", ""select_mode"": ""bernoulli""}",3.7927963733673096,4.314671620941162,0.553,0.5755,4.1698987140655515,nan,nan,nan,0,4301,6.844773769378662,718.5625,0.0,nan
fashion_lowbit,mlp_256x256,projected-msgd,uniform,2,6,10,128,0.01,0.0,2.0,0.01,0.0,1,"{""label"": ""projected-msgd"", ""setting"": ""{\""project_lr_scale\"": 0.25}"", ""task"": ""fashion"", ""k_mode"": ""fixed"", ""step_scale"": 0.001, ""project_lr_scale"": 0.25, ""grad_noise_rho"": 0.0, ""accept_on"": ""minibatch"", ""select_mode"": ""bernoulli""}",4.5939435958862305,3.8618744903564455,0.5068,0.5068,3.854639540481567,nan,nan,nan,0,4301,6.799587965011597,718.5625,0.0,nan
fashion_lowbit,mlp_256x256,projected-msgd,uniform,2,7,10,128,0.01,0.0,2.0,0.01,0.0,1,"{""label"": ""projected-msgd"", ""setting"": ""{\""project_lr_scale\"": 0.25}"", ""task"": ""fashion"", ""k_mode"": ""fixed"", ""step_scale"": 0.001, ""project_lr_scale"": 0.25, ""grad_noise_rho"": 0.0, ""accept_on"": ""minibatch"", ""select_mode"": ""bernoulli""}",3.224405527114868,4.173992665863037,0.5485,0.5548,4.173992665863037,nan,nan,nan,0,4301,6.763097286224365,718.5625,0.0,nan
fashion_lowbit,mlp_256x256,projected-msgd,uniform,4,0,10,128,0.01,0.0,2.0,0.01,0.0,1,"{""label"": ""projected-msgd"", ""setting"": ""{\""project_lr_scale\"": 1.0}"", ""task"": ""fashion"", ""k_mode"": ""fixed"", ""step_scale"": 0.001, ""project_lr_scale"": 1.0, ""grad_noise_rho"": 0.0, ""accept_on"": ""minibatch"", ""select_mode"": ""bernoulli""}",1.1623411178588867,1.075358415031433,0.6113,0.6248,1.075358415031433,nan,nan,nan,0,4301,6.954945087432861,718.5625,0.0,nan
fashion_lowbit,mlp_256x256,projected-msgd,uniform,4,1,10,128,0.01,0.0,2.0,0.01,0.0,1,"{""label"": ""projected-msgd"", ""setting"": ""{\""project_lr_scale\"": 1.0}"", ""task"": ""fashion"", ""k_mode"": ""fixed"", ""step_scale"": 0.001, ""project_lr_scale"": 1.0, ""grad_noise_rho"": 0.0, ""accept_on"": ""minibatch"", ""select_mode"": ""bernoulli""}",1.0520191192626953,0.9549531447410583,0.64,0.6426,0.9549531447410583,nan,nan,nan,0,4301,6.889679193496704,718.5625,0.0,nan
fashion_lowbit,mlp_256x256,projected-msgd,uniform,4,2,10,128,0.01,0.0,2.0,0.01,0.0,1,"{""label"": ""projected-msgd"", ""setting"": ""{\""project_lr_scale\"": 1.0}"", ""task"": ""fashion"", ""k_mode"": ""fixed"", ""step_scale"": 0.001, ""project_lr_scale"": 1.0, ""grad_noise_rho"": 0.0, ""accept_on"": ""minibatch"", ""select_mode"": ""bernoulli""}",1.0055686235427856,0.9578897957801819,0.6578,0.6578,0.9578897957801819,nan,nan,nan,0,4301,7.153439044952393,718.5625,0.0,nan
fashion_lowbit,mlp_256x256,projected-msgd,uniform,4,3,10,128,0.01,0.0,2.0,0.01,0.0,1,"{""label"": ""projected-msgd"", ""setting"": ""{\""project_lr_scale\"": 1.0}"", ""task"": ""fashion"", ""k_mode"": ""fixed"", ""step_scale"": 0.001, ""project_lr_scale"": 1.0, ""grad_noise_rho"": 0.0, ""accept_on"": ""minibatch"", ""select_mode"": ""bernoulli""}",0.9191356301307678,1.1513507026672363,0.63,0.6547,0.9561526373863221,nan,nan,nan,0,4301,7.526457071304321,718.5625,0.0,nan
fashion_lowbit,mlp_256x256,projected-msgd,uniform,4,4,10,128,0.01,0.0,2.0,0.01,0.0,1,"{""label"": ""projected-msgd"", ""setting"": ""{\""project_lr_scale\"": 1.0}"", ""task"": ""fashion"", ""k_mode"": ""fixed"", ""step_scale"": 0.001, ""project_lr_scale"": 1.0, ""grad_noise_rho"": 0.0, ""accept_on"": ""minibatch"", ""select_mode"": ""bernoulli""}",1.0122450590133667,0.9859271152496338,0.609,0.6099,0.9859271152496338,nan,nan,nan,0,4301,6.8597681522369385,718.5625,0.0,nan
fashion_lowbit,mlp_256x256,projected-msgd,uniform,4,5,10,128,0.01,0.0,2.0,0.01,0.0,1,"{""label"": ""projected-msgd"", ""setting"": ""{\""project_lr_scale\"": 1.0}"", ""task"": ""fashion"", ""k_mode"": ""fixed"", ""step_scale"": 0.001, ""project_lr_scale"": 1.0, ""grad_noise_rho"": 0.0, ""accept_on"": ""minibatch"", ""select_mode"": ""bernoulli""}",1.1655319929122925,1.1002664276123046,0.6054,0.6322,1.0910761253356933,nan,nan,nan,0,4301,7.147873163223267,718.5625,0.0,nan
fashion_lowbit,mlp_256x256,projected-msgd,uniform,4,6,10,128,0.01,0.0,2.0,0.01,0.0,1,"{""label"": ""projected-msgd"", ""setting"": ""{\""project_lr_scale\"": 1.0}"", ""task"": ""fashion"", ""k_mode"": ""fixed"", ""step_scale"": 0.001, ""project_lr_scale"": 1.0, ""grad_noise_rho"": 0.0, ""accept_on"": ""minibatch"", ""select_mode"": ""bernoulli""}",1.1209452152252197,1.1269504196166993,0.5661,0.6419,1.071421045589447,nan,nan,nan,0,4301,7.204045057296753,718.5625,0.0,nan
fashion_lowbit,mlp_256x256,projected-msgd,uniform,4,7,10,128,0.01,0.0,2.0,0.01,0.0,1,"{""label"": ""projected-msgd"", ""setting"": ""{\""project_lr_scale\"": 1.0}"", ""task"": ""fashion"", ""k_mode"": ""fixed"", ""step_scale"": 0.001, ""project_lr_scale"": 1.0, ""grad_noise_rho"": 0.0, ""accept_on"": ""minibatch"", ""select_mode"": ""bernoulli""}",0.97574782371521,1.1230802379608154,0.6269,0.6269,1.1230802379608154,nan,nan,nan,0,4301,7.1961588859558105,718.5625,0.0,nan
fashion_lowbit,mlp_256x256,projected-msgd,uniform,8,0,10,128,0.01,0.0,2.0,0.01,0.0,1,"{""label"": ""projected-msgd"", ""setting"": ""{\""project_lr_scale\"": 1.0}"", ""task"": ""fashion"", ""k_mode"": ""fixed"", ""step_scale"": 0.001, ""project_lr_scale"": 1.0, ""grad_noise_rho"": 0.0, ""accept_on"": ""minibatch"", ""select_mode"": ""bernoulli""}",2.3059656620025635,2.3029204971313475,0.1071,0.1071,2.3029204971313475,nan,nan,nan,0,4301,6.966491937637329,718.5625,0.0,nan
fashion_lowbit,mlp_256x256,projected-msgd,uniform,8,1,10,128,0.01,0.0,2.0,0.01,0.0,1,"{""label"": ""projected-msgd"", ""setting"": ""{\""project_lr_scale\"": 1.0}"", ""task"": ""fashion"", ""k_mode"": ""fixed"", ""step_scale"": 0.001, ""project_lr_scale"": 1.0, ""grad_noise_rho"": 0.0, ""accept_on"": ""minibatch"", ""select_mode"": ""bernoulli""}",2.2933061122894287,2.3014999526977538,0.1037,0.1037,2.3014999526977538,nan,nan,nan,0,4301,7.1541759967803955,718.5625,0.0,nan
fashion_lowbit,mlp_256x256,projected-msgd,uniform,8,2,10,128,0.01,0.0,2.0,0.01,0.0,1,"{""label"": ""projected-msgd"", ""setting"": ""{\""project_lr_scale\"": 1.0}"", ""task"": ""fashion"", ""k_mode"": ""fixed"", ""step_scale"": 0.001, ""project_lr_scale"": 1.0, ""grad_noise_rho"": 0.0, ""accept_on"": ""minibatch"", ""select_mode"": ""bernoulli""}",2.2981646060943604,2.2991427001953126,0.0738,0.0738,2.2991427001953126,nan,nan,nan,0,4301,7.193073749542236,718.5625,0.0,nan
fashion_lowbit,mlp_256x256,projected-msgd,uniform,8,3,10,128,0.01,0.0,2.0,0.01,0.0,1,"{""label"": ""projected-msgd"", ""setting"": ""{\""project_lr_scale\"": 1.0}"", ""task"": ""fashion"", ""k_mode"": ""fixed"", ""step_scale"": 0.001, ""project_lr_scale"": 1.0, ""grad_noise_rho"": 0.0, ""accept_on"": ""minibatch"", ""select_mode"": ""bernoulli""}",2.314542293548584,2.308613823699951,0.0715,0.0715,2.308613823699951,nan,nan,nan,0,4301,7.052059888839722,718.5625,0.0,nan
fashion_lowbit,mlp_256x256,projected-msgd,uniform,8,4,10,128,0.01,0.0,2.0,0.01,0.0,1,"{""label"": ""projected-msgd"", ""setting"": ""{\""project_lr_scale\"": 1.0}"", ""task"": ""fashion"", ""k_mode"": ""fixed"", ""step_scale"": 0.001, ""project_lr_scale"": 1.0, ""grad_noise_rho"": 0.0, ""accept_on"": ""minibatch"", ""select_mode"": ""bernoulli""}",2.3087942600250244,2.3037445919036865,0.129,0.129,2.3037445919036865,nan,nan,nan,0,4301,7.0559821128845215,718.5625,0.0,nan
fashion_lowbit,mlp_256x256,projected-msgd,uniform,8,5,10,128,0.01,0.0,2.0,0.01,0.0,1,"{""label"": ""projected-msgd"", ""setting"": ""{\""project_lr_scale\"": 1.0}"", ""task"": ""fashion"", ""k_mode"": ""fixed"", ""step_scale"": 0.001, ""project_lr_scale"": 1.0, ""grad_noise_rho"": 0.0, ""accept_on"": ""minibatch"", ""select_mode"": ""bernoulli""}",2.3140785694122314,2.3079963062286377,0.0929,0.0929,2.3079963062286377,nan,nan,nan,0,4301,6.889142036437988,718.5625,0.0,nan
fashion_lowbit,mlp_256x256,projected-msgd,uniform,8,6,10,128,0.01,0.0,2.0,0.01,0.0,1,"{""label"": ""projected-msgd"", ""setting"": ""{\""project_lr_scale\"": 1.0}"", ""task"": ""fashion"", ""k_mode"": ""fixed"", ""step_scale"": 0.001, ""project_lr_scale"": 1.0, ""grad_noise_rho"": 0.0, ""accept_on"": ""minibatch"", ""select_mode"": ""bernoulli""}",2.3086891174316406,2.3056359340667725,0.0818,0.0818,2.3056359340667725,nan,nan,nan,0,4301,6.930554151535034,718.5625,0.0,nan
fashion_lowbit,mlp_256x256,projected-msgd,uniform,8,7,10,128,0.01,0.0,2.0,0.01,0.0,1,"{""label"": ""projected-msgd"", ""setting"": ""{\""project_lr_scale\"": 1.0}"", ""task"": ""fashion"", ""k_mode"": ""fixed"", ""step_scale"": 0.001, ""project_lr_scale"": 1.0, ""grad_noise_rho"": 0.0, ""accept_on"": ""minibatch"", ""select_mode"": ""bernoulli""}",2.2907018661499023,2.300629398345947,0.0904,0.0904,2.300629398345947,nan,nan,nan,0,4301,6.912784099578857,718.5625,0.0,nan
fashion_lowbit,mlp_256x256,adam,uniform,2,0,10,128,0.001,0.0,2.0,0.01,0.0,1,"{""label"": ""qat-ste-adam"", ""setting"": ""{}"", ""task"": ""fashion"", ""k_mode"": ""fixed"", ""step_scale"": 0.001, ""project_lr_scale"": null, ""grad_noise_rho"": 0.0, ""accept_on"": ""minibatch"", ""select_mode"": ""bernoulli""}",0.5261430144309998,0.6763870704650878,0.7895,0.7976,0.6371010682106019,nan,nan,nan,0,4301,9.078882932662964,718.5625,0.0,nan
fashion_lowbit,mlp_256x256,adam,uniform,2,1,10,128,0.001,0.0,2.0,0.01,0.0,1,"{""label"": ""qat-ste-adam"", ""setting"": ""{}"", ""task"": ""fashion"", ""k_mode"": ""fixed"", ""step_scale"": 0.001, ""project_lr_scale"": null, ""grad_noise_rho"": 0.0, ""accept_on"": ""minibatch"", ""select_mode"": ""bernoulli""}",0.5775272846221924,0.7534149800300598,0.7484,0.7567,0.7054496235847473,nan,nan,nan,0,4301,8.987123966217041,718.5625,0.0,nan
fashion_lowbit,mlp_256x256,adam,uniform,2,2,10,128,0.001,0.0,2.0,0.01,0.0,1,"{""label"": ""qat-ste-adam"", ""setting"": ""{}"", ""task"": ""fashion"", ""k_mode"": ""fixed"", ""step_scale"": 0.001, ""project_lr_scale"": null, ""grad_noise_rho"": 0.0, ""accept_on"": ""minibatch"", ""select_mode"": ""bernoulli""}",0.7119006514549255,0.6484558365821839,0.7431,0.7608,0.6484558365821839,nan,nan,nan,0,4301,9.247658014297485,718.5625,0.0,nan
fashion_lowbit,mlp_256x256,adam,uniform,2,3,10,128,0.001,0.0,2.0,0.01,0.0,1,"{""label"": ""qat-ste-adam"", ""setting"": ""{}"", ""task"": ""fashion"", ""k_mode"": ""fixed"", ""step_scale"": 0.001, ""project_lr_scale"": null, ""grad_noise_rho"": 0.0, ""accept_on"": ""minibatch"", ""select_mode"": ""bernoulli""}",0.954347550868988,0.8287572444915772,0.7452,0.7815,0.6862169422149659,nan,nan,nan,0,4301,8.89651107788086,718.5625,0.0,nan
fashion_lowbit,mlp_256x256,adam,uniform,2,4,10,128,0.001,0.0,2.0,0.01,0.0,1,"{""label"": ""qat-ste-adam"", ""setting"": ""{}"", ""task"": ""fashion"", ""k_mode"": ""fixed"", ""step_scale"": 0.001, ""project_lr_scale"": null, ""grad_noise_rho"": 0.0, ""accept_on"": ""minibatch"", ""select_mode"": ""bernoulli""}",0.8308330774307251,0.6571158368110657,0.7332,0.7888,0.6571158368110657,nan,nan,nan,0,4301,9.117417812347412,718.5625,0.0,nan
fashion_lowbit,mlp_256x256,adam,uniform,2,5,10,128,0.001,0.0,2.0,0.01,0.0,1,"{""label"": ""qat-ste-adam"", ""setting"": ""{}"", ""task"": ""fashion"", ""k_mode"": ""fixed"", ""step_scale"": 0.001, ""project_lr_scale"": null, ""grad_noise_rho"": 0.0, ""accept_on"": ""minibatch"", ""select_mode"": ""bernoulli""}",0.9198989272117615,0.7170768409729004,0.7618,0.7761,0.6619582908630371,nan,nan,nan,0,4301,9.075894117355347,718.5625,0.0,nan
fashion_lowbit,mlp_256x256,adam,uniform,2,6,10,128,0.001,0.0,2.0,0.01,0.0,1,"{""label"": ""qat-ste-adam"", ""setting"": ""{}"", ""task"": ""fashion"", ""k_mode"": ""fixed"", ""step_scale"": 0.001, ""project_lr_scale"": null, ""grad_noise_rho"": 0.0, ""accept_on"": ""minibatch"", ""select_mode"": ""bernoulli""}",0.8105050921440125,0.6003342670440673,0.8093,0.8093,0.5581117686271667,nan,nan,nan,0,4301,9.083887100219727,718.5625,0.0,nan
fashion_lowbit,mlp_256x256,adam,uniform,2,7,10,128,0.001,0.0,2.0,0.01,0.0,1,"{""label"": ""qat-ste-adam"", ""setting"": ""{}"", ""task"": ""fashion"", ""k_mode"": ""fixed"", ""step_scale"": 0.001, ""project_lr_scale"": null, ""grad_noise_rho"": 0.0, ""accept_on"": ""minibatch"", ""select_mode"": ""bernoulli""}",0.42894247174263,0.67274866065979,0.7269,0.7612,0.67274866065979,nan,nan,nan,0,4301,9.21858286857605,718.5625,0.0,nan
fashion_lowbit,mlp_256x256,adam,uniform,4,0,10,128,0.001,0.0,2.0,0.01,0.0,1,"{""label"": ""qat-ste-adam"", ""setting"": ""{}"", ""task"": ""fashion"", ""k_mode"": ""fixed"", ""step_scale"": 0.001, ""project_lr_scale"": null, ""grad_noise_rho"": 0.0, ""accept_on"": ""minibatch"", ""select_mode"": ""bernoulli""}",0.23927177488803864,0.3408326216697693,0.8793,0.8798,0.3408326216697693,nan,nan,nan,0,4301,8.874415159225464,718.5625,0.0,nan
fashion_lowbit,mlp_256x256,adam,uniform,4,1,10,128,0.001,0.0,2.0,0.01,0.0,1,"{""label"": ""qat-ste-adam"", ""setting"": ""{}"", ""task"": ""fashion"", ""k_mode"": ""fixed"", ""step_scale"": 0.001, ""project_lr_scale"": null, ""grad_noise_rho"": 0.0, ""accept_on"": ""minibatch"", ""select_mode"": ""bernoulli""}",0.24303650856018066,0.33921951560974123,0.8819,0.8819,0.33921951560974123,nan,nan,nan,0,4301,9.216636896133423,718.5625,0.0,nan
fashion_lowbit,mlp_256x256,adam,uniform,4,2,10,128,0.001,0.0,2.0,0.01,0.0,1,"{""label"": ""qat-ste-adam"", ""setting"": ""{}"", ""task"": ""fashion"", ""k_mode"": ""fixed"", ""step_scale"": 0.001, ""project_lr_scale"": null, ""grad_noise_rho"": 0.0, ""accept_on"": ""minibatch"", ""select_mode"": ""bernoulli""}",0.24808326363563538,0.35833559646606444,0.8763,0.88,0.3345141310691834,nan,nan,nan,0,4301,9.00183916091919,718.5625,0.0,nan
fashion_lowbit,mlp_256x256,adam,uniform,4,3,10,128,0.001,0.0,2.0,0.01,0.0,1,"{""label"": ""qat-ste-adam"", ""setting"": ""{}"", ""task"": ""fashion"", ""k_mode"": ""fixed"", ""step_scale"": 0.001, ""project_lr_scale"": null, ""grad_noise_rho"": 0.0, ""accept_on"": ""minibatch"", ""select_mode"": ""bernoulli""}",0.3299539387226105,0.3426429497718811,0.8778,0.8778,0.3426429497718811,nan,nan,nan,0,4301,9.223473310470581,718.5625,0.0,nan
fashion_lowbit,mlp_256x256,adam,uniform,4,4,10,128,0.001,0.0,2.0,0.01,0.0,1,"{""label"": ""qat-ste-adam"", ""setting"": ""{}"", ""task"": ""fashion"", ""k_mode"": ""fixed"", ""step_scale"": 0.001, ""project_lr_scale"": null, ""grad_noise_rho"": 0.0, ""accept_on"": ""minibatch"", ""select_mode"": ""bernoulli""}",0.34050729870796204,0.3351872004032135,0.8828,0.8828,0.33085931186676026,nan,nan,nan,0,4301,9.205603837966919,718.5625,0.0,nan
fashion_lowbit,mlp_256x256,adam,uniform,4,5,10,128,0.001,0.0,2.0,0.01,0.0,1,"{""label"": ""qat-ste-adam"", ""setting"": ""{}"", ""task"": ""fashion"", ""k_mode"": ""fixed"", ""step_scale"": 0.001, ""project_lr_scale"": null, ""grad_noise_rho"": 0.0, ""accept_on"": ""minibatch"", ""select_mode"": ""bernoulli""}",0.2724623382091522,0.352007249546051,0.8762,0.8783,0.33618822493553163,nan,nan,nan,0,4301,9.165820360183716,718.5625,0.0,nan
fashion_lowbit,mlp_256x256,adam,uniform,4,6,10,128,0.001,0.0,2.0,0.01,0.0,1,"{""label"": ""qat-ste-adam"", ""setting"": ""{}"", ""task"": ""fashion"", ""k_mode"": ""fixed"", ""step_scale"": 0.001, ""project_lr_scale"": null, ""grad_noise_rho"": 0.0, ""accept_on"": ""minibatch"", ""select_mode"": ""bernoulli""}",0.28484970331192017,0.33317401819229125,0.8803,0.8803,0.33317401819229125,nan,nan,nan,0,4301,9.20084810256958,718.5625,0.0,nan
fashion_lowbit,mlp_256x256,adam,uniform,4,7,10,128,0.001,0.0,2.0,0.01,0.0,1,"{""label"": ""qat-ste-adam"", ""setting"": ""{}"", ""task"": ""fashion"", ""k_mode"": ""fixed"", ""step_scale"": 0.001, ""project_lr_scale"": null, ""grad_noise_rho"": 0.0, ""accept_on"": ""minibatch"", ""select_mode"": ""bernoulli""}",0.20339323580265045,0.34515297346115115,0.8776,0.8776,0.34515297346115115,nan,nan,nan,0,4301,9.177793979644775,718.5625,0.0,nan
fashion_lowbit,mlp_256x256,adam,uniform,8,0,10,128,0.001,0.0,2.0,0.01,0.0,1,"{""label"": ""qat-ste-adam"", ""setting"": ""{}"", ""task"": ""fashion"", ""k_mode"": ""fixed"", ""step_scale"": 0.001, ""project_lr_scale"": null, ""grad_noise_rho"": 0.0, ""accept_on"": ""minibatch"", ""select_mode"": ""bernoulli""}",0.2272779792547226,0.3335826166152954,0.8863,0.8863,0.3335826166152954,nan,nan,nan,0,4301,9.276378870010376,718.5625,0.0,nan
fashion_lowbit,mlp_256x256,adam,uniform,8,1,10,128,0.001,0.0,2.0,0.01,0.0,1,"{""label"": ""qat-ste-adam"", ""setting"": ""{}"", ""task"": ""fashion"", ""k_mode"": ""fixed"", ""step_scale"": 0.001, ""project_lr_scale"": null, ""grad_noise_rho"": 0.0, ""accept_on"": ""minibatch"", ""select_mode"": ""bernoulli""}",0.19746986031532288,0.3318924268484116,0.886,0.886,0.3318924268484116,nan,nan,nan,0,4301,9.302581071853638,718.5625,0.0,nan
fashion_lowbit,mlp_256x256,adam,uniform,8,2,10,128,0.001,0.0,2.0,0.01,0.0,1,"{""label"": ""qat-ste-adam"", ""setting"": ""{}"", ""task"": ""fashion"", ""k_mode"": ""fixed"", ""step_scale"": 0.001, ""project_lr_scale"": null, ""grad_noise_rho"": 0.0, ""accept_on"": ""minibatch"", ""select_mode"": ""bernoulli""}",0.25126224756240845,0.3579432919025421,0.8814,0.8849,0.3342601285457611,nan,nan,nan,0,4301,9.194045066833496,718.5625,0.0,nan
fashion_lowbit,mlp_256x256,adam,uniform,8,3,10,128,0.001,0.0,2.0,0.01,0.0,1,"{""label"": ""qat-ste-adam"", ""setting"": ""{}"", ""task"": ""fashion"", ""k_mode"": ""fixed"", ""step_scale"": 0.001, ""project_lr_scale"": null, ""grad_noise_rho"": 0.0, ""accept_on"": ""minibatch"", ""select_mode"": ""bernoulli""}",0.38199493288993835,0.34025635204315186,0.8796,0.8865,0.32815837898254396,nan,nan,nan,0,4301,9.264687061309814,718.5625,0.0,nan
fashion_lowbit,mlp_256x256,adam,uniform,8,4,10,128,0.001,0.0,2.0,0.01,0.0,1,"{""label"": ""qat-ste-adam"", ""setting"": ""{}"", ""task"": ""fashion"", ""k_mode"": ""fixed"", ""step_scale"": 0.001, ""project_lr_scale"": null, ""grad_noise_rho"": 0.0, ""accept_on"": ""minibatch"", ""select_mode"": ""bernoulli""}",0.30682745575904846,0.329420676445961,0.8887,0.8887,0.329420676445961,nan,nan,nan,0,4301,9.048925161361694,718.5625,0.0,nan
fashion_lowbit,mlp_256x256,adam,uniform,8,5,10,128,0.001,0.0,2.0,0.01,0.0,1,"{""label"": ""qat-ste-adam"", ""setting"": ""{}"", ""task"": ""fashion"", ""k_mode"": ""fixed"", ""step_scale"": 0.001, ""project_lr_scale"": null, ""grad_noise_rho"": 0.0, ""accept_on"": ""minibatch"", ""select_mode"": ""bernoulli""}",0.23373860120773315,0.3288231160163879,0.8871,0.8871,0.32627111291885375,nan,nan,nan,0,4301,8.991654872894287,718.5625,0.0,nan
fashion_lowbit,mlp_256x256,adam,uniform,8,6,10,128,0.001,0.0,2.0,0.01,0.0,1,"{""label"": ""qat-ste-adam"", ""setting"": ""{}"", ""task"": ""fashion"", ""k_mode"": ""fixed"", ""step_scale"": 0.001, ""project_lr_scale"": null, ""grad_noise_rho"": 0.0, ""accept_on"": ""minibatch"", ""select_mode"": ""bernoulli""}",0.2719157934188843,0.34274634280204774,0.8758,0.8835,0.33082959938049317,nan,nan,nan,0,4301,9.311016082763672,718.5625,0.0,nan
fashion_lowbit,mlp_256x256,adam,uniform,8,7,10,128,0.001,0.0,2.0,0.01,0.0,1,"{""label"": ""qat-ste-adam"", ""setting"": ""{}"", ""task"": ""fashion"", ""k_mode"": ""fixed"", ""step_scale"": 0.001, ""project_lr_scale"": null, ""grad_noise_rho"": 0.0, ""accept_on"": ""minibatch"", ""select_mode"": ""bernoulli""}",0.1968366503715515,0.3418074520111084,0.8798,0.8798,0.3418074520111084,nan,nan,nan,0,4301,9.206919193267822,718.5625,0.0,nan
fashion_lowbit,mlp_256x256,adam,none,32,0,10,128,0.001,0.0,0.0,0.0,0.0,1,"{""label"": ""adam-fp32"", ""setting"": ""{}"", ""task"": ""fashion"", ""k_mode"": ""fixed"", ""step_scale"": 0.001, ""project_lr_scale"": null, ""grad_noise_rho"": 0.0, ""accept_on"": ""minibatch"", ""select_mode"": ""bernoulli""}",0.21797333657741547,0.3303589602947235,0.8853,0.8864,0.3295552917480469,nan,nan,nan,0,4301,6.143684148788452,718.5625,0.0,nan
fashion_lowbit,mlp_256x256,adam,none,32,1,10,128,0.001,0.0,0.0,0.0,0.0,1,"{""label"": ""adam-fp32"", ""setting"": ""{}"", ""task"": ""fashion"", ""k_mode"": ""fixed"", ""step_scale"": 0.001, ""project_lr_scale"": null, ""grad_noise_rho"": 0.0, ""accept_on"": ""minibatch"", ""select_mode"": ""bernoulli""}",0.20156922936439514,0.32891327028274536,0.8867,0.8867,0.32891327028274536,nan,nan,nan,0,4301,5.96313214302063,718.5625,0.0,nan
fashion_lowbit,mlp_256x256,adam,none,32,2,10,128,0.001,0.0,0.0,0.0,0.0,1,"{""label"": ""adam-fp32"", ""setting"": ""{}"", ""task"": ""fashion"", ""k_mode"": ""fixed"", ""step_scale"": 0.001, ""project_lr_scale"": null, ""grad_noise_rho"": 0.0, ""accept_on"": ""minibatch"", ""select_mode"": ""bernoulli""}",0.24437479674816132,0.3485670703887939,0.8816,0.8865,0.3361898454666138,nan,nan,nan,0,4301,5.817368030548096,718.5625,0.0,nan
fashion_lowbit,mlp_256x256,adam,none,32,3,10,128,0.001,0.0,0.0,0.0,0.0,1,"{""label"": ""adam-fp32"", ""setting"": ""{}"", ""task"": ""fashion"", ""k_mode"": ""fixed"", ""step_scale"": 0.001, ""project_lr_scale"": null, ""grad_noise_rho"": 0.0, ""accept_on"": ""minibatch"", ""select_mode"": ""bernoulli""}",0.34164661169052124,0.3260444938659668,0.8866,0.8866,0.3260444938659668,nan,nan,nan,0,4301,5.873222351074219,718.5625,0.0,nan
fashion_lowbit,mlp_256x256,adam,none,32,4,10,128,0.001,0.0,0.0,0.0,0.0,1,"{""label"": ""adam-fp32"", ""setting"": ""{}"", ""task"": ""fashion"", ""k_mode"": ""fixed"", ""step_scale"": 0.001, ""project_lr_scale"": null, ""grad_noise_rho"": 0.0, ""accept_on"": ""minibatch"", ""select_mode"": ""bernoulli""}",0.34975335001945496,0.35161399855613706,0.8815,0.8857,0.33394895551204684,nan,nan,nan,0,4301,6.0971009731292725,718.5625,0.0,nan
fashion_lowbit,mlp_256x256,adam,none,32,5,10,128,0.001,0.0,0.0,0.0,0.0,1,"{""label"": ""adam-fp32"", ""setting"": ""{}"", ""task"": ""fashion"", ""k_mode"": ""fixed"", ""step_scale"": 0.001, ""project_lr_scale"": null, ""grad_noise_rho"": 0.0, ""accept_on"": ""minibatch"", ""select_mode"": ""bernoulli""}",0.2734449505805969,0.332446026802063,0.8872,0.8872,0.32577108466625215,nan,nan,nan,0,4301,5.926843881607056,718.5625,0.0,nan
fashion_lowbit,mlp_256x256,adam,none,32,6,10,128,0.001,0.0,0.0,0.0,0.0,1,"{""label"": ""adam-fp32"", ""setting"": ""{}"", ""task"": ""fashion"", ""k_mode"": ""fixed"", ""step_scale"": 0.001, ""project_lr_scale"": null, ""grad_noise_rho"": 0.0, ""accept_on"": ""minibatch"", ""select_mode"": ""bernoulli""}",0.2537913918495178,0.33800896949768067,0.8823,0.8824,0.3354958787918091,nan,nan,nan,0,4301,6.080209970474243,718.5625,0.0,nan
fashion_lowbit,mlp_256x256,adam,none,32,7,10,128,0.001,0.0,0.0,0.0,0.0,1,"{""label"": ""adam-fp32"", ""setting"": ""{}"", ""task"": ""fashion"", ""k_mode"": ""fixed"", ""step_scale"": 0.001, ""project_lr_scale"": null, ""grad_noise_rho"": 0.0, ""accept_on"": ""minibatch"", ""select_mode"": ""bernoulli""}",0.19303803145885468,0.3349667804718018,0.8814,0.8814,0.3349667804718018,nan,nan,nan,0,4301,6.009111166000366,718.5625,0.0,nan
