task,model,optimizer,grid_spec,bits,epochs,batch_size,lr,momentum,beta,move_frac,beta1,k,k_mode,step_scale,project_lr_scale,grad_noise_rho,accept_on,select_mode,mean,std,min,max,count,conflicts,duplicate_rows,ci_lo,ci_hi,mean_std,ci95
cifar10_cnn,smallcnn_b16,adam,none,32,2,128,0.01,0.0,0.0,0.0,0.0,1,fixed,,,0.0,minibatch,randperm,0.2513,0.003417601498127026,0.2481,0.2549,3,0,0,0.24281020723476826,0.2597897927652318,0.2513 ± 0.0034,"[0.2428, 0.2598]"
cifar10_cnn,smallcnn_b16,gdmc,uniform,4,2,128,0.0,0.0,2.0,0.01,0.0,1,fixed,,,0.0,minibatch,randperm,0.2670666666666666,0.019301899733791306,0.247,0.2855,3,0,0,0.21911808962953197,0.31501524370380124,0.2671 ± 0.0193,"[0.2191, 0.3150]"
cifar10_cnn,smallcnn_b16,gdmc,uniform,8,2,128,0.0,0.0,2.0,0.01,0.0,1,fixed,,,0.0,minibatch,randperm,0.2775,0.0060555759428810845,0.2709,0.2828,3,0,0,0.2624571154339211,0.29254288456607896,0.2775 ± 0.0061,"[0.2625, 0.2925]"
cifar10_cnn,smallcnn_b16,gdmc-adaptive,uniform-pt,3,2,128,0.0,0.0,2.0,0.01,0.0,1,fixed,,,0.0,minibatch,randperm,0.1439,0.013472564715005087,0.1309,0.1578,3,0,0,0.11043229391745903,0.177367706082541,0.1439 ± 0.0135,"[0.1104, 0.1774]"
cifar10_cnn,smallcnn_b16,gdmc-adaptive,uniform-pt,4,2,128,0.0,0.0,2.0,0.01,0.0,1,fixed,,,0.0,minibatch,randperm,0.2702333333333333,0.015144746063679425,0.2571,0.2868,3,0,0,0.2326116985016649,0.30785496816500174,0.2702 ± 0.0151,"[0.2326, 0.3079]"
cifar10_cnn,smallcnn_b16,gdmc-adaptive,uniform-pt,8,2,128,0.0,0.0,2.0,0.01,0.0,1,fixed,,,0.0,minibatch,randperm,0.26980000000000004,0.014438490225781907,0.258,0.2859,3,0,0,0.23393280192939667,0.3056671980706034,0.2698 ± 0.0144,"[0.2339, 0.3057]"
cifar10_cnn,smallcnn_b16,momentum,none,32,2,128,0.01,0.9,0.0,0.0,0.0,1,fixed,,,0.0,minibatch,randperm,0.2766,0.030359841896821525,0.2474,0.308,3,0,0,0.20118197182132797,0.35201802817867206,0.2766 ± 0.0304,"[0.2012, 0.3520]"
cifar10_cnn,smallcnn_b16,projected-gd,uniform,4,2,128,0.01,0.0,0.0,0.0,0.0,1,fixed,,,0.0,minibatch,randperm,0.12083333333333335,0.015672055810688437,0.1029,0.1319,3,0,0,0.08190178847334631,0.1597648781933204,0.1208 ± 0.0157,"[0.0819, 0.1598]"
cifar10_cnn,smallcnn_b16,projected-gd,uniform,8,2,128,0.01,0.0,0.0,0.0,0.0,1,fixed,,,0.0,minibatch,randperm,0.27266666666666667,0.030165267002520174,0.2509,0.3071,3,0,0,0.19773198932068847,0.34760134401264486,0.2727 ± 0.0302,"[0.1977, 0.3476]"
cifar10_cnn,smallcnn_b16,sgd,none,32,2,128,0.01,0.0,0.0,0.0,0.0,1,fixed,,,0.0,minibatch,randperm,0.22056666666666666,0.004178915329763615,0.2167,0.225,3,0,0,0.2101856655017893,0.23094766783154402,0.2206 ± 0.0042,"[0.2102, 0.2309]"
cifar10_cnn,smallcnn_b16,sgld,none,32,2,128,0.0005,0.0,100.0,0.0,0.0,1,fixed,,,0.0,minibatch,randperm,0.10909999999999999,0.0027404379212089443,0.106,0.1112,3,0,0,0.10229237481321417,0.11590762518678581,0.1091 ± 0.0027,"[0.1023, 0.1159]"
cifar10_cnn_long,smallcnn_b16,adam,none,32,20,128,0.001,0.0,2.0,0.01,0.0,1,fixed,,,0.0,minibatch,randperm,0.5746666666666668,0.04067743026954053,0.5278,0.6008,3,0,0,0.47361832811700677,0.6757150052163268,0.5747 ± 0.0407,"[0.4736, 0.6757]"
cifar10_cnn_long,smallcnn_b16,gdmc,uniform,4,20,128,0.0,0.0,2.0,0.01,0.0,1,fixed,,,0.0,minibatch,randperm,0.3196333333333334,0.08692625226784677,0.2253,0.3965,3,0,0,0.10369655193365257,0.5355701147330142,0.3196 ± 0.0869,"[0.1037, 0.5356]"
cifar10_cnn_long,smallcnn_b16,gdmc,uniform,4,20,128,0.0,0.0,2.0,0.01,0.9,1,fixed,,,0.0,minibatch,randperm,0.5538333333333334,0.028961411107425936,0.5226,0.5798,3,0,0,0.48188919981587175,0.625777466850795,0.5538 ± 0.0290,"[0.4819, 0.6258]"
cifar10_cnn_long,smallcnn_b16,gdmc,uniform,8,20,128,0.0,0.0,2.0,0.01,0.0,1,fixed,,,0.0,minibatch,randperm,0.48163333333333336,0.017003038944063294,0.4627,0.4956,3,0,0,0.4393954430780262,0.5238712235886405,0.4816 ± 0.0170,"[0.4394, 0.5239]"
cifar10_cnn_long,smallcnn_b16,gdmc,uniform,8,20,128,0.0,0.0,2.0,0.01,0.9,1,fixed,,,0.0,minibatch,randperm,0.5682,0.015318942522250073,0.5519,0.5823,3,0,0,0.5301456371763429,0.6062543628236572,0.5682 ± 0.0153,"[0.5301, 0.6063]"
cifar10_cnn_long,smallcnn_b16,momentum,none,32,20,128,0.01,0.0,2.0,0.01,0.0,1,fixed,,,0.0,minibatch,randperm,0.34859999999999997,0.09431844994485439,0.2929,0.4575,3,0,0,0.11429998157815133,0.5829000184218486,0.3486 ± 0.0943,"[0.1143, 0.5829]"
cifar10_cnn_long,smallcnn_b16,projected-gd,uniform,4,20,128,0.01,0.0,2.0,0.01,0.0,1,fixed,,,0.0,minibatch,randperm,0.12169999999999999,0.016669433103738116,0.103,0.135,3,0,0,0.08029083259350478,0.1631091674064952,0.1217 ± 0.0167,"[0.0803, 0.1631]"
cifar10_cnn_long,smallcnn_b16,projected-gd,uniform,8,20,128,0.01,0.0,2.0,0.01,0.0,1,fixed,,,0.0,minibatch,randperm,0.6066666666666667,0.039682027837968856,0.5788,0.6521,3,0,0,0.5080910448356418,0.7052422884976915,0.6067 ± 0.0397,"[0.5081, 0.7052]"
fashion_mnist_mlp,mlp_256x256,adam,none,32,20,128,0.001,0.0,2.0,0.01,0.0,1,fixed,0.0,,0.0,minibatch,randperm,0.8945666666666666,0.0031643851430148756,0.8911,0.8973,3,0,0,0.886705898198401,0.9024274351349323,0.8946 ± 0.0032,"[0.8867, 0.9024]"
fashion_mnist_mlp,mlp_256x256,gdmc,uniform,2,20,128,0.0,0.0,2.0,0.01,0.0,1,fixed,0.0,,0.0,minibatch,randperm,0.6232666666666667,0.0767232255143991,0.5378,0.6862,3,0,0,0.43267560879922284,0.8138577245341106,0.6233 ± 0.0767,"[0.4327, 0.8139]"
fashion_mnist_mlp,mlp_256x256,gdmc,uniform,2,20,128,0.0,0.0,2.0,0.01,0.9,1,fixed,0.0,,0.0,minibatch,randperm,0.2974333333333333,0.018246734867732727,0.2782,0.3145,3,0,0,0.2521059311320888,0.34276073553457787,0.2974 ± 0.0182,"[0.2521, 0.3428]"
fashion_mnist_mlp,mlp_256x256,gdmc,uniform,4,20,128,0.0,0.0,2.0,0.01,0.0,1,fixed,0.0,,0.0,minibatch,randperm,0.7592333333333333,0.001975685535031671,0.7571,0.761,3,0,0,0.7543254583892015,0.7641412082774651,0.7592 ± 0.0020,"[0.7543, 0.7641]"
fashion_mnist_mlp,mlp_256x256,gdmc,uniform,4,20,128,0.0,0.0,2.0,0.01,0.9,1,fixed,0.0,,0.0,minibatch,randperm,0.7986,0.004886716689148231,0.793,0.802,3,0,0,0.7864607227858471,0.8107392772141528,0.7986 ± 0.0049,"[0.7865, 0.8107]"
fashion_mnist_mlp,mlp_256x256,gdmc,uniform,8,20,128,0.0,0.0,2.0,0.01,0.0,1,fixed,0.0,,0.0,minibatch,randperm,0.8601666666666666,0.0028919428302325474,0.8569,0.8624,3,0,0,0.8529826824218599,0.8673506509114733,0.8602 ± 0.0029,"[0.8530, 0.8674]"
fashion_mnist_mlp,mlp_256x256,gdmc,uniform,8,20,128,0.0,0.0,2.0,0.01,0.9,1,fixed,0.0,,0.0,minibatch,randperm,0.8886333333333334,0.0013051181300301512,0.8874,0.89,3,0,0,0.8853912401682364,0.8918754264984303,0.8886 ± 0.0013,"[0.8854, 0.8919]"
fashion_mnist_mlp,mlp_256x256,gdmc,uniform,16,20,128,0.0,0.0,2.0,0.01,0.0,1,fixed,0.0,,0.0,minibatch,randperm,0.5919333333333333,0.0406474271428504,0.545,0.6158,3,0,0,0.49095952668215465,0.6929071399845119,0.5919 ± 0.0406,"[0.4910, 0.6929]"
fashion_mnist_mlp,mlp_256x256,gdmc,uniform,16,20,128,0.0,0.0,2.0,0.01,0.9,1,fixed,0.0,,0.0,minibatch,randperm,0.6195666666666667,0.018136795012717477,0.6008,0.637,3,0,0,0.5745123702052899,0.6646209631280435,0.6196 ± 0.0181,"[0.5745, 0.6646]"
fashion_mnist_mlp,mlp_256x256,gdmc,uniform,32,20,128,0.0,0.0,2.0,0.01,0.0,1,fixed,0.0,,0.0,minibatch,randperm,0.09846666666666666,0.00872314927840475,0.0884,0.1038,3,0,0,0.07679716257895375,0.12013617075437957,0.0985 ± 0.0087,"[0.0768, 0.1201]"
fashion_mnist_mlp,mlp_256x256,gdmc,uniform,32,20,128,0.0,0.0,2.0,0.01,0.9,1,fixed,0.0,,0.0,minibatch,randperm,0.09846666666666666,0.00872314927840475,0.0884,0.1038,3,0,0,0.07679716257895375,0.12013617075437957,0.0985 ± 0.0087,"[0.0768, 0.1201]"
fashion_mnist_mlp,mlp_256x256,gdmc-auto,uniform,2,20,128,0.0,0.0,2.0,0.01,0.9,1,auto,0.001,,0.0,minibatch,randperm,0.3719666666666666,0.094301767392416,0.3145,0.4808,3,0,0,0.13770809000245846,0.6062252433308748,0.3720 ± 0.0943,"[0.1377, 0.6062]"
fashion_mnist_mlp,mlp_256x256,gdmc-auto,uniform,4,20,128,0.0,0.0,2.0,0.01,0.9,1,auto,0.001,,0.0,minibatch,randperm,0.7902333333333335,0.010169234648356453,0.7785,0.7965,3,0,0,0.7649715540437131,0.8154951126229538,0.7902 ± 0.0102,"[0.7650, 0.8155]"
fashion_mnist_mlp,mlp_256x256,gdmc-auto,uniform,8,20,128,0.0,0.0,2.0,0.01,0.9,1,auto,0.001,,0.0,minibatch,randperm,0.8874000000000001,0.0017088007490634804,0.8856,0.889,3,0,0,0.8831551036173843,0.8916448963826159,0.8874 ± 0.0017,"[0.8832, 0.8916]"
fashion_mnist_mlp,mlp_256x256,gdmc-auto,uniform,16,20,128,0.0,0.0,2.0,0.01,0.9,1,auto,0.001,,0.0,minibatch,randperm,0.8598,0.002253885533916937,0.8584,0.8624,3,0,0,0.8542010379472285,0.8653989620527716,0.8598 ± 0.0023,"[0.8542, 0.8654]"
fashion_mnist_mlp,mlp_256x256,gdmc-auto,uniform,32,20,128,0.0,0.0,2.0,0.01,0.9,1,auto,0.001,,0.0,minibatch,randperm,0.8519,0.0011269427669584684,0.8506,0.8526,3,0,0,0.8491005189736142,0.8546994810263858,0.8519 ± 0.0011,"[0.8491, 0.8547]"
fashion_mnist_mlp,mlp_256x256,projected-gd,uniform,2,20,128,0.01,0.0,2.0,0.01,0.0,1,fixed,0.0,,0.0,minibatch,randperm,0.11670000000000001,0.024965776575143823,0.1,0.1454,3,0,0,0.05468157290655224,0.1787184270934478,0.1167 ± 0.0250,"[0.0547, 0.1787]"
fashion_mnist_mlp,mlp_256x256,projected-gd,uniform,4,20,128,0.01,0.0,2.0,0.01,0.0,1,fixed,0.0,,0.0,minibatch,randperm,0.1164,0.026354506256046618,0.1,0.1468,3,0,0,0.050931777134794604,0.1818682228652054,0.1164 ± 0.0264,"[0.0509, 0.1819]"
fashion_mnist_mlp,mlp_256x256,projected-gd,uniform,8,20,128,0.01,0.0,2.0,0.01,0.0,1,fixed,0.0,,0.0,minibatch,randperm,0.8663333333333333,0.0020305992547357426,0.864,0.8677,3,0,0,0.8612890451471921,0.8713776215194745,0.8663 ± 0.0020,"[0.8613, 0.8714]"
fashion_mnist_mlp,mlp_256x256,projected-gd,uniform,16,20,128,0.01,0.0,2.0,0.01,0.0,1,fixed,0.0,,0.0,minibatch,randperm,0.8705666666666666,0.0024110855093366973,0.8683,0.8731,3,0,0,0.8645771982266686,0.8765561351066646,0.8706 ± 0.0024,"[0.8646, 0.8766]"
fashion_mnist_mlp,mlp_256x256,projected-gd,uniform,32,20,128,0.01,0.0,2.0,0.01,0.0,1,fixed,0.0,,0.0,minibatch,randperm,0.8734999999999999,0.0031764760348537077,0.87,0.8762,3,0,0,0.8656091960913487,0.8813908039086512,0.8735 ± 0.0032,"[0.8656, 0.8814]"
mnist_cnn,smallcnn_b16,adam,none,32,2,128,0.01,0.0,0.0,0.0,0.0,1,fixed,,,0.0,minibatch,randperm,0.8041333333333333,0.09336671426870144,0.6988,0.8767,3,0,0,0.5721975573962343,1.0360691092704322,0.8041 ± 0.0934,"[0.5722, 1.0361]"
mnist_cnn,smallcnn_b16,gdmc,uniform,2,2,128,0.0,0.0,2.0,0.01,0.0,1,fixed,,,0.0,minibatch,randperm,0.21333333333333335,0.07041202548807508,0.1656,0.2942,3,0,0,0.038420165457680594,0.3882465012089861,0.2133 ± 0.0704,"[0.0384, 0.3882]"
mnist_cnn,smallcnn_b16,gdmc,uniform,3,2,128,0.0,0.0,2.0,0.01,0.0,1,fixed,,,0.0,minibatch,randperm,0.45740000000000003,0.0627878172896622,0.4075,0.5279,3,0,0,0.30142641523226077,0.6133735847677393,0.4574 ± 0.0628,"[0.3014, 0.6134]"
mnist_cnn,smallcnn_b16,gdmc,uniform,4,2,128,0.0,0.0,0.25,0.01,0.0,1,fixed,,,0.0,minibatch,randperm,0.6629999999999999,0.17478669857858178,0.5467,0.864,3,0,0,0.22880577054860707,1.0971942294513928,0.6630 ± 0.1748,"[0.2288, 1.0972]"
mnist_cnn,smallcnn_b16,gdmc,uniform,4,2,128,0.0,0.0,0.5,0.01,0.0,1,fixed,,,0.0,minibatch,randperm,0.4245333333333334,0.1807071756553495,0.2517,0.6122,3,0,0,-0.024368176496011473,0.8734348431626782,0.4245 ± 0.1807,"[-0.0244, 0.8734]"
mnist_cnn,smallcnn_b16,gdmc,uniform,4,2,128,0.0,0.0,1.0,0.01,0.0,1,fixed,,,0.0,minibatch,randperm,0.5302333333333333,0.08939934749948308,0.4474,0.625,3,0,0,0.3081530428039948,0.7523136238626719,0.5302 ± 0.0894,"[0.3082, 0.7523]"
mnist_cnn,smallcnn_b16,gdmc,uniform,4,2,128,0.0,0.0,2.0,0.01,0.0,1,fixed,,,0.0,minibatch,randperm,0.5026333333333333,0.31747050781660535,0.1831,0.818,3,0,3,-0.2860071275024241,1.2912737941690906,0.5026 ± 0.3175,"[-0.2860, 1.2913]"
mnist_cnn,smallcnn_b16,gdmc,uniform,4,2,128,0.0,0.0,4.0,0.01,0.0,1,fixed,,,0.0,minibatch,randperm,0.4847333333333333,0.2982029566140036,0.2431,0.818,3,0,0,-0.25604387694696057,1.225510543613627,0.4847 ± 0.2982,"[-0.2560, 1.2255]"
mnist_cnn,smallcnn_b16,gdmc,uniform,8,2,128,0.0,0.0,2.0,0.01,0.0,1,fixed,,,0.0,minibatch,randperm,0.46166666666666667,0.02466907645886513,0.4396,0.4883,3,0,0,0.4003852835211475,0.5229480498121858,0.4617 ± 0.0247,"[0.4004, 0.5229]"
mnist_cnn,smallcnn_b16,gdmc,uniform,16,2,128,0.0,0.0,2.0,0.01,0.0,1,fixed,,,0.0,minibatch,randperm,0.12500000000000003,0.05037181751733801,0.0892,0.1826,3,0,0,-0.00013053150422520643,0.25013053150422526,0.1250 ± 0.0504,"[-0.0001, 0.2501]"
mnist_cnn,smallcnn_b16,gdmc,uniform,32,2,128,0.0,0.0,2.0,0.01,0.0,1,fixed,,,0.0,minibatch,randperm,0.12100000000000001,0.043521488945117676,0.0892,0.1706,3,0,0,0.012886628039908102,0.2291133719600919,0.1210 ± 0.0435,"[0.0129, 0.2291]"
mnist_cnn,smallcnn_b16,gdmc-adaptive,uniform-pt,3,2,128,0.0,0.0,2.0,0.01,0.0,1,fixed,,,0.0,minibatch,randperm,0.2398,0.0892503781504594,0.1507,0.3292,3,0,0,0.018089769848466136,0.4615102301515339,0.2398 ± 0.0893,"[0.0181, 0.4615]"
mnist_cnn,smallcnn_b16,gdmc-adaptive,uniform-pt,4,2,128,0.0,0.0,2.0,0.01,0.0,1,fixed,,,0.0,minibatch,randperm,0.40176666666666666,0.03136436406709586,0.3806,0.4378,3,0,0,0.3238532670825269,0.47968006625080645,0.4018 ± 0.0314,"[0.3239, 0.4797]"
mnist_cnn,smallcnn_b16,gdmc-adaptive,uniform-pt,8,2,128,0.0,0.0,2.0,0.01,0.0,1,fixed,,,0.0,minibatch,randperm,0.3923666666666666,0.027689408324002397,0.363,0.418,3,0,0,0.32358236323295875,0.4611509701003744,0.3924 ± 0.0277,"[0.3236, 0.4612]"
mnist_cnn,smallcnn_b16,momentum,none,32,2,128,0.01,0.9,0.0,0.0,0.0,1,fixed,,,0.0,minibatch,randperm,0.5559,0.12453509545505634,0.4222,0.6686,3,0,0,0.24653767294366735,0.8652623270563325,0.5559 ± 0.1245,"[0.2465, 0.8653]"
mnist_cnn,smallcnn_b16,projected-gd,uniform,2,2,128,0.01,0.0,0.0,0.0,0.0,1,fixed,,,0.0,minibatch,randperm,0.1323,0.04902203586143685,0.1033,0.1889,3,0,0,0.010522512009827636,0.2540774879901724,0.1323 ± 0.0490,"[0.0105, 0.2541]"
mnist_cnn,smallcnn_b16,projected-gd,uniform,3,2,128,0.01,0.0,0.0,0.0,0.0,1,fixed,,,0.0,minibatch,randperm,0.143,0.04785300408542813,0.1109,0.198,3,0,0,0.024126547930845357,0.26187345206915463,0.1430 ± 0.0479,"[0.0241, 0.2619]"
mnist_cnn,smallcnn_b16,projected-gd,uniform,4,2,128,0.01,0.0,0.0,0.0,0.0,1,fixed,,,0.0,minibatch,randperm,0.15226666666666666,0.04573886021025594,0.1122,0.2021,3,0,0,0.038645039125893246,0.2658882942074401,0.1523 ± 0.0457,"[0.0386, 0.2659]"
mnist_cnn,smallcnn_b16,projected-gd,uniform,8,2,128,0.01,0.0,0.0,0.0,0.0,1,fixed,,,0.0,minibatch,randperm,0.8707666666666666,0.04071637672157647,0.8238,0.8961,3,0,0,0.7696215797667652,0.971911753566568,0.8708 ± 0.0407,"[0.7696, 0.9719]"
mnist_cnn,smallcnn_b16,projected-gd,uniform,16,2,128,0.01,0.0,0.0,0.0,0.0,1,fixed,,,0.0,minibatch,randperm,0.8651,0.040184698580429834,0.8416,0.9115,3,0,0,0.7652756748210343,0.9649243251789656,0.8651 ± 0.0402,"[0.7653, 0.9649]"
mnist_cnn,smallcnn_b16,projected-gd,uniform,32,2,128,0.01,0.0,0.0,0.0,0.0,1,fixed,,,0.0,minibatch,randperm,0.7210000000000001,0.21851249392197236,0.4691,0.8595,3,0,0,0.1781848733598138,1.2638151266401865,0.7210 ± 0.2185,"[0.1782, 1.2638]"
mnist_cnn,smallcnn_b16,sgd,none,32,2,128,0.01,0.0,0.0,0.0,0.0,1,fixed,,,0.0,minibatch,randperm,0.23253333333333334,0.0773538837637344,0.1569,0.3115,3,0,0,0.040375633525489174,0.4246910331411775,0.2325 ± 0.0774,"[0.0404, 0.4247]"
mnist_cnn,smallcnn_b16,sgld,none,32,2,128,0.0005,0.0,100.0,0.0,0.0,1,fixed,,,0.0,minibatch,randperm,0.10603333333333333,0.007088253193370936,0.1008,0.1141,3,0,0,0.08842513626524588,0.12364153040142077,0.1060 ± 0.0071,"[0.0884, 0.1236]"
mnist_cnn_long_focused,smallcnn_b16,adam,none,32,8,128,0.001,0.0,2.0,0.01,0.0,1,fixed,,,0.0,minibatch,randperm,0.9546,0.017678235206037986,0.9348,0.9688,3,0,0,0.9106848292474887,0.9985151707525113,0.9546 ± 0.0177,"[0.9107, 0.9985]"
mnist_cnn_long_focused,smallcnn_b16,gdmc,uniform,4,8,128,0.0,0.0,2.0,0.01,0.0,1,fixed,,,0.0,minibatch,randperm,0.7680000000000001,0.1428912873481095,0.6488,0.9264,3,0,0,0.4130383644180085,1.1229616355819918,0.7680 ± 0.1429,"[0.4130, 1.1230]"
mnist_cnn_long_focused,smallcnn_b16,gdmc,uniform,4,8,128,0.0,0.0,2.0,0.01,0.9,1,fixed,,,0.0,minibatch,randperm,0.7806666666666665,0.21542707196017247,0.532,0.9107,3,0,0,0.24551615307844998,1.315817180254883,0.7807 ± 0.2154,"[0.2455, 1.3158]"
mnist_cnn_long_focused,smallcnn_b16,gdmc,uniform,8,8,128,0.0,0.0,2.0,0.01,0.0,1,fixed,,,0.0,minibatch,randperm,0.9356666666666666,0.01524937157175118,0.9181,0.9455,3,0,0,0.8977851276647861,0.9735482056685472,0.9357 ± 0.0152,"[0.8978, 0.9735]"
mnist_cnn_long_focused,smallcnn_b16,gdmc,uniform,8,8,128,0.0,0.0,2.0,0.01,0.9,1,fixed,,,0.0,minibatch,randperm,0.9667666666666666,0.0027024680078279414,0.964,0.9694,3,0,0,0.9600533639736224,0.9734799693597107,0.9668 ± 0.0027,"[0.9601, 0.9735]"
mnist_cnn_long_focused,smallcnn_b16,projected-gd,uniform,4,8,128,0.01,0.0,2.0,0.01,0.0,1,fixed,,,0.0,minibatch,randperm,0.1503,0.045356917884706416,0.1118,0.2003,3,0,0,0.03762716979383776,0.26297283020616224,0.1503 ± 0.0454,"[0.0376, 0.2630]"
mnist_cnn_long_focused,smallcnn_b16,projected-gd,uniform,8,8,128,0.01,0.0,2.0,0.01,0.0,1,fixed,,,0.0,minibatch,randperm,0.9291333333333333,0.04433253132106639,0.8888,0.9766,3,0,0,0.8190052204213196,1.0392614462453469,0.9291 ± 0.0443,"[0.8190, 1.0393]"
mnist_lowbit,mlp_256x256,adam,none,32,10,128,0.001,0.0,0.0,0.0,0.0,1,fixed,0.001,,0.0,minibatch,bernoulli,0.9796333333333335,0.00032145502536639643,0.9794,0.98,3,0,0,0.9788347947821892,0.9804318718844778,0.9796 ± 0.0003,"[0.9788, 0.9804]"
mnist_lowbit,mlp_256x256,adam,uniform,2,10,128,0.001,0.0,2.0,0.01,0.0,1,fixed,0.001,,0.0,minibatch,bernoulli,0.9422,0.0028844410203712127,0.9398,0.9454,3,0,0,0.9350346512839763,0.9493653487160237,0.9422 ± 0.0029,"[0.9350, 0.9494]"
mnist_lowbit,mlp_256x256,adam,uniform,4,10,128,0.001,0.0,2.0,0.01,0.0,1,fixed,0.001,,0.0,minibatch,bernoulli,0.9786666666666667,0.0008504900548115077,0.9777,0.9793,3,0,0,0.9765539322480408,0.9807794010852926,0.9787 ± 0.0009,"[0.9766, 0.9808]"
mnist_lowbit,mlp_256x256,adam,uniform,8,10,128,0.001,0.0,2.0,0.01,0.0,1,fixed,0.001,,0.0,minibatch,bernoulli,0.981,0.001345362404707392,0.9799,0.9825,3,0,0,0.9776579345144952,0.9843420654855047,0.9810 ± 0.0013,"[0.9777, 0.9843]"
mnist_lowbit,mlp_256x256,gdmc-v1,uniform,2,10,128,0.0,0.0,2.0,0.01,0.0,1,fixed,0.001,,0.0,minibatch,bernoulli,0.7910333333333334,0.005838093296045699,0.7847,0.7962,3,0,0,0.7765307056119095,0.8055359610547572,0.7910 ± 0.0058,"[0.7765, 0.8055]"
mnist_lowbit,mlp_256x256,gdmc-v1,uniform,4,10,128,0.0,0.0,4.0,0.01,0.0,1,fixed,0.001,,0.0,minibatch,bernoulli,0.8945333333333333,0.002402776172125361,0.8922,0.897,3,0,0,0.8885645064312616,0.900502160235405,0.8945 ± 0.0024,"[0.8886, 0.9005]"
mnist_lowbit,mlp_256x256,gdmc-v1,uniform,8,10,128,0.0,0.0,1.0,0.01,0.0,1,fixed,0.001,,0.0,minibatch,bernoulli,0.9437333333333333,0.0020305992547357426,0.9414,0.9451,3,0,0,0.9386890451471921,0.9487776215194745,0.9437 ± 0.0020,"[0.9387, 0.9488]"
mnist_lowbit,mlp_256x256,gdmc-v2,uniform,2,10,128,0.0,0.0,2.0,0.01,0.9,1,fixed,0.001,,0.0,minibatch,bernoulli,0.5556,0.031189581593859185,0.5209,0.5813,3,0,0,0.4781207841489804,0.6330792158510196,0.5556 ± 0.0312,"[0.4781, 0.6331]"
mnist_lowbit,mlp_256x256,gdmc-v2,uniform,4,10,128,0.0,0.0,1.0,0.01,0.9,1,fixed,0.001,,0.0,minibatch,bernoulli,0.9350333333333333,0.01224840125621843,0.9212,0.9445,3,0,0,0.904606617864111,0.9654600488025555,0.9350 ± 0.0122,"[0.9046, 0.9655]"
mnist_lowbit,mlp_256x256,gdmc-v2,uniform,8,10,128,0.0,0.0,1.0,0.01,0.9,1,fixed,0.001,,0.0,minibatch,bernoulli,0.9740666666666667,0.0014977761292440234,0.9724,0.9753,3,0,0,0.9703459845002522,0.9777873488330813,0.9741 ± 0.0015,"[0.9703, 0.9778]"
mnist_lowbit,mlp_256x256,projected-adam,uniform,2,10,128,0.01,0.0,2.0,0.01,0.0,1,fixed,0.001,0.5,0.0,minibatch,bernoulli,0.6815333333333333,0.17999337024827702,0.5088,0.868,3,0,0,0.23440501443454853,1.1286616522321182,0.6815 ± 0.1800,"[0.2344, 1.1287]"
mnist_lowbit,mlp_256x256,projected-adam,uniform,4,10,128,0.01,0.0,2.0,0.01,0.0,1,fixed,0.001,0.5,0.0,minibatch,bernoulli,0.9113666666666665,0.020426045464879698,0.89,0.9307,3,0,0,0.8606255568254321,0.962107776507901,0.9114 ± 0.0204,"[0.8606, 0.9621]"
mnist_lowbit,mlp_256x256,projected-adam,uniform,8,10,128,0.01,0.0,2.0,0.01,0.0,1,fixed,0.001,1.0,0.0,minibatch,bernoulli,0.9744333333333334,0.001950213663508017,0.9725,0.9764,3,0,0,0.9695887340258423,0.9792779326408244,0.9744 ± 0.0020,"[0.9696, 0.9793]"
mnist_lowbit,mlp_256x256,projected-msgd,uniform,2,10,128,0.01,0.0,2.0,0.01,0.0,1,fixed,0.001,0.25,0.0,minibatch,bernoulli,0.28353333333333336,0.1288752238924664,0.1795,0.4277,3,0,0,-0.03661047044820959,0.6036771371148764,0.2835 ± 0.1289,"[-0.0366, 0.6037]"
mnist_lowbit,mlp_256x256,projected-msgd,uniform,4,10,128,0.01,0.0,2.0,0.01,0.0,1,fixed,0.001,1.0,0.0,minibatch,bernoulli,0.5547333333333333,0.07048470283212757,0.4734,0.598,3,0,0,0.3796396249265299,0.7298270417401367,0.5547 ± 0.0705,"[0.3796, 0.7298]"
mnist_lowbit,mlp_256x256,projected-msgd,uniform,8,10,128,0.01,0.0,2.0,0.01,0.0,1,fixed,0.001,1.0,0.0,minibatch,bernoulli,0.08403333333333333,0.032733214527958195,0.0463,0.1048,3,0,0,0.002719520697618605,0.16534714596904806,0.0840 ± 0.0327,"[0.0027, 0.1653]"
mnist_mlp,mlp_256x256,adam,none,32,2,128,0.01,0.0,0.0,0.0,0.0,1,fixed,,,0.0,minibatch,randperm,0.9324666666666667,0.001877054430040157,0.9308,0.9345,3,0,0,0.9278038049699959,0.9371295283633374,0.9325 ± 0.0019,"[0.9278, 0.9371]"
mnist_mlp,mlp_256x256,gdmc,uniform,2,2,128,0.0,0.0,2.0,0.01,0.0,1,fixed,,,0.0,minibatch,randperm,0.7459666666666668,0.013245502381311667,0.7334,0.7598,3,0,0,0.7130630146901716,0.7788703186431619,0.7460 ± 0.0132,"[0.7131, 0.7789]"
mnist_mlp,mlp_256x256,gdmc,uniform,3,2,128,0.0,0.0,2.0,0.01,0.0,1,fixed,,,0.0,minibatch,randperm,0.7776333333333333,0.006395571384429524,0.7706,0.7831,3,0,0,0.7617458532690806,0.793520813397586,0.7776 ± 0.0064,"[0.7617, 0.7935]"
mnist_mlp,mlp_256x256,gdmc,uniform,4,2,128,0.0,0.0,2.0,0.01,0.0,1,fixed,,,0.0,minibatch,randperm,0.8279333333333333,0.012328963189714449,0.8137,0.8353,3,0,0,0.797306490926982,0.8585601757396846,0.8279 ± 0.0123,"[0.7973, 0.8586]"
mnist_mlp,mlp_256x256,gdmc,uniform,8,2,128,0.0,0.0,2.0,0.01,0.0,1,fixed,,,0.0,minibatch,randperm,0.7745333333333333,0.00647791118597142,0.7673,0.7798,3,0,0,0.7584413098628924,0.7906253568037742,0.7745 ± 0.0065,"[0.7584, 0.7906]"
mnist_mlp,mlp_256x256,gdmc,uniform,16,2,128,0.0,0.0,2.0,0.01,0.0,1,fixed,,,0.0,minibatch,randperm,0.09396666666666668,0.02014480909150874,0.0709,0.1081,3,0,0,0.04392418670643892,0.14400914662689446,0.0940 ± 0.0201,"[0.0439, 0.1440]"
mnist_mlp,mlp_256x256,gdmc,uniform,32,2,128,0.0,0.0,2.0,0.01,0.0,1,fixed,,,0.0,minibatch,randperm,0.08956666666666667,0.02257528146742214,0.0635,0.1028,3,0,0,0.033486558620065006,0.14564677471326834,0.0896 ± 0.0226,"[0.0335, 0.1456]"
mnist_mlp,mlp_256x256,gdmc-adaptive,uniform-pt,3,2,128,0.0,0.0,2.0,0.01,0.0,1,fixed,,,0.0,minibatch,randperm,0.7319333333333334,0.016554254236701017,0.7156,0.7487,3,0,0,0.6908102860940417,0.7730563805726252,0.7319 ± 0.0166,"[0.6908, 0.7731]"
mnist_mlp,mlp_256x256,gdmc-adaptive,uniform-pt,4,2,128,0.0,0.0,2.0,0.01,0.0,1,fixed,,,0.0,minibatch,randperm,0.7365666666666666,0.010059986746180808,0.7272,0.7472,3,0,0,0.7115762742107703,0.7615570591225629,0.7366 ± 0.0101,"[0.7116, 0.7616]"
mnist_mlp,mlp_256x256,gdmc-adaptive,uniform-pt,8,2,128,0.0,0.0,2.0,0.01,0.0,1,fixed,,,0.0,minibatch,randperm,0.7366,0.01001349089978117,0.7273,0.7472,3,0,0,0.7117251096295849,0.7614748903704152,0.7366 ± 0.0100,"[0.7117, 0.7615]"
mnist_mlp,mlp_256x256,momentum,none,32,2,128,0.01,0.9,0.0,0.0,0.0,1,fixed,,,0.0,minibatch,randperm,0.8565666666666667,0.003868246803570457,0.8525,0.8602,3,0,0,0.8469574089035596,0.8661759244297738,0.8566 ± 0.0039,"[0.8470, 0.8662]"
mnist_mlp,mlp_256x256,projected-gd,uniform,2,2,128,0.01,0.0,0.0,0.0,0.0,1,fixed,,,0.0,minibatch,randperm,0.19866666666666669,0.08716790311423887,0.109,0.2831,3,0,0,-0.017870408713613145,0.41520374204694654,0.1987 ± 0.0872,"[-0.0179, 0.4152]"
mnist_mlp,mlp_256x256,projected-gd,uniform,3,2,128,0.01,0.0,0.0,0.0,0.0,1,fixed,,,0.0,minibatch,randperm,0.19843333333333332,0.08619479876032737,0.11,0.2822,3,0,0,-0.01568641682392652,0.41255308349059316,0.1984 ± 0.0862,"[-0.0157, 0.4126]"
mnist_mlp,mlp_256x256,projected-gd,uniform,4,2,128,0.01,0.0,0.0,0.0,0.0,1,fixed,,,0.0,minibatch,randperm,0.1997,0.087800683368639,0.1121,0.2877,3,0,0,-0.01840898867348617,0.41780898867348615,0.1997 ± 0.0878,"[-0.0184, 0.4178]"
mnist_mlp,mlp_256x256,projected-gd,uniform,8,2,128,0.01,0.0,0.0,0.0,0.0,1,fixed,,,0.0,minibatch,randperm,0.9284333333333333,0.014695010491093024,0.9116,0.9387,3,0,0,0.8919289035978424,0.9649377630688243,0.9284 ± 0.0147,"[0.8919, 0.9649]"
mnist_mlp,mlp_256x256,projected-gd,uniform,16,2,128,0.01,0.0,0.0,0.0,0.0,1,fixed,,,0.0,minibatch,randperm,0.9389,0.003207802986469055,0.9352,0.9409,3,0,0,0.9309313756294468,0.9468686243705531,0.9389 ± 0.0032,"[0.9309, 0.9469]"
mnist_mlp,mlp_256x256,projected-gd,uniform,32,2,128,0.01,0.0,0.0,0.0,0.0,1,fixed,,,0.0,minibatch,randperm,0.9297666666666666,0.004441095960833651,0.9249,0.9336,3,0,0,0.9187343727088577,0.9407989606244755,0.9298 ± 0.0044,"[0.9187, 0.9408]"
mnist_mlp,mlp_256x256,sgd,none,32,2,128,0.01,0.0,0.0,0.0,0.0,1,fixed,,,0.0,minibatch,randperm,0.38386666666666674,0.06996315697088955,0.3037,0.4326,3,0,0,0.21006855000217203,0.5576647833311614,0.3839 ± 0.0700,"[0.2101, 0.5577]"
mnist_mlp,mlp_256x256,sgld,none,32,2,128,0.0005,0.0,100.0,0.0,0.0,1,fixed,,,0.0,minibatch,randperm,0.11099999999999999,0.004886716689148249,0.1054,0.1144,3,0,0,0.09886072278584711,0.12313927721415287,0.1110 ± 0.0049,"[0.0989, 0.1231]"
mnist_mlp_corrected,mlp_256x256,adam,none,32,10,128,0.001,0.0,2.0,0.01,0.0,1,fixed,0.001,,0.0,minibatch,bernoulli,0.9806333333333334,0.001601041327803035,0.979,0.9822,3,0,0,0.976656126192867,0.9846105404737997,0.9806 ± 0.0016,"[0.9767, 0.9846]"
mnist_mlp_corrected,mlp_256x256,adam,none,32,10,128,0.003,0.0,2.0,0.01,0.0,1,fixed,0.001,,0.0,minibatch,bernoulli,0.9794666666666666,0.0011930353445448812,0.9781,0.9803,3,0,0,0.9765030025758316,0.9824303307575016,0.9795 ± 0.0012,"[0.9765, 0.9824]"
mnist_mlp_corrected,mlp_256x256,adam8bit,none,32,10,128,0.001,0.0,2.0,0.01,0.0,1,fixed,0.001,,0.0,minibatch,bernoulli,0.9796666666666667,0.0003511884584284439,0.9793,0.98,3,0,0,0.9787942661731531,0.9805390671601802,0.9797 ± 0.0004,"[0.9788, 0.9805]"
mnist_mlp_corrected,mlp_256x256,adam8bit,none,32,10,128,0.003,0.0,2.0,0.01,0.0,1,fixed,0.001,,0.0,minibatch,bernoulli,0.9810333333333333,0.0007371114795832235,0.9802,0.9816,3,0,0,0.9792022469091366,0.98286441975753,0.9810 ± 0.0007,"[0.9792, 0.9829]"
mnist_mlp_corrected,mlp_256x256,gdmc,uniform,4,10,128,0.0,0.0,2.0,0.01,0.9,1,fixed,0.001,,0.0,minibatch,bernoulli,0.9338666666666667,0.0028746014216467575,0.9316,0.9371,3,0,0,0.9267257608689029,0.9410075724644306,0.9339 ± 0.0029,"[0.9267, 0.9410]"
mnist_mlp_corrected,mlp_256x256,gdmc,uniform,8,10,128,0.0,0.0,2.0,0.01,0.9,1,fixed,0.001,,0.0,minibatch,bernoulli,0.9760333333333332,0.0008736894948054222,0.9753,0.977,3,0,0,0.973862968310927,0.9782036983557394,0.9760 ± 0.0009,"[0.9739, 0.9782]"
mnist_mlp_corrected,mlp_256x256,gdmc,uniform,8,10,128,0.0,0.0,2.0,0.01,0.9,1,fixed,0.001,,0.0,separate,bernoulli,0.9723333333333333,0.0008504900548115708,0.9717,0.9733,3,0,0,0.9702205989147072,0.9744460677519593,0.9723 ± 0.0009,"[0.9702, 0.9744]"
mnist_mlp_corrected,mlp_256x256,projected-gd,uniform,4,10,128,0.01,0.0,2.0,0.01,0.0,1,fixed,0.001,0.25,0.0,minibatch,bernoulli,0.8506333333333332,0.009135826910210936,0.8401,0.8564,3,0,0,0.8279386811776548,0.8733279854890117,0.8506 ± 0.0091,"[0.8279, 0.8733]"
mnist_mlp_corrected,mlp_256x256,projected-gd,uniform,4,10,128,0.01,0.0,2.0,0.01,0.0,1,fixed,0.001,0.5,0.0,minibatch,bernoulli,0.9253,0.005023942674832211,0.9195,0.9283,3,0,0,0.9128198345397774,0.9377801654602226,0.9253 ± 0.0050,"[0.9128, 0.9378]"
mnist_mlp_corrected,mlp_256x256,projected-gd,uniform,8,10,128,0.01,0.0,2.0,0.01,0.0,1,fixed,0.001,0.25,0.0,minibatch,bernoulli,0.9372666666666666,0.0037233497463082096,0.9345,0.9415,3,0,0,0.9280173531478263,0.9465159801855069,0.9373 ± 0.0037,"[0.9280, 0.9465]"
mnist_mlp_corrected,mlp_256x256,projected-gd,uniform,8,10,128,0.01,0.0,2.0,0.01,0.0,1,fixed,0.001,0.5,0.0,minibatch,bernoulli,0.9653,0.0005000000000000004,0.9648,0.9658,3,0,0,0.9640579311441249,0.9665420688558752,0.9653 ± 0.0005,"[0.9641, 0.9665]"
mnist_mlp_corrected,mlp_256x256,signsgd,none,32,10,128,0.003,0.9,2.0,0.01,0.0,1,fixed,0.001,,0.0,minibatch,bernoulli,0.9644666666666666,0.0013796134724383409,0.9629,0.9655,3,0,0,0.9610395168121437,0.9678938165211894,0.9645 ± 0.0014,"[0.9610, 0.9679]"
mnist_mlp_corrected,mlp_256x256,signsgd,none,32,10,128,0.01,0.9,2.0,0.01,0.0,1,fixed,0.001,,0.0,minibatch,bernoulli,0.8967666666666667,0.006058327602014721,0.8898,0.9008,3,0,0,0.881716946600364,0.9118163867329694,0.8968 ± 0.0061,"[0.8817, 0.9118]"
mnist_mlp_long,mlp_256x256,adam,none,2,30,128,0.01,0.0,0.0,0.0,0.0,1,fixed,,,0.0,minibatch,randperm,0.9756999999999999,0.0013892443989449552,0.9748,0.9773,3,0,0,0.9722489255977428,0.979151074402257,0.9757 ± 0.0014,"[0.9722, 0.9792]"
mnist_mlp_long,mlp_256x256,gdmc,uniform,2,30,128,0.0,0.0,2.0,0.01,0.0,1,fixed,,,0.0,minibatch,randperm,0.7949666666666667,0.007259017380702014,0.7867,0.8003,3,0,0,0.7769342678410137,0.8129990654923197,0.7950 ± 0.0073,"[0.7769, 0.8130]"
mnist_mlp_long,mlp_256x256,gdmc,uniform,3,30,128,0.0,0.0,2.0,0.01,0.0,1,fixed,,,0.0,minibatch,randperm,0.8710666666666667,0.004827352621606707,0.8655,0.8741,3,0,0,0.8590748579714166,0.8830584753619167,0.8711 ± 0.0048,"[0.8591, 0.8831]"
mnist_mlp_long,mlp_256x256,gdmc,uniform,4,30,128,0.0,0.0,2.0,0.01,0.0,1,fixed,,,0.0,minibatch,randperm,0.8959,0.0020784609690826803,0.8935,0.8971,3,0,0,0.8907368167243006,0.9010631832756995,0.8959 ± 0.0021,"[0.8907, 0.9011]"
mnist_mlp_long,mlp_256x256,gdmc,uniform,8,30,128,0.0,0.0,2.0,0.01,0.0,1,fixed,,,0.0,minibatch,randperm,0.9607666666666667,0.00035118845842838596,0.9604,0.9611,3,0,0,0.9598942661731532,0.9616390671601801,0.9608 ± 0.0004,"[0.9599, 0.9616]"
mnist_mlp_long,mlp_256x256,gdmc,uniform,16,30,128,0.0,0.0,2.0,0.01,0.0,1,fixed,,,0.0,minibatch,randperm,0.641,0.06199540305538792,0.5816,0.7053,3,0,0,0.4869948813149493,0.7950051186850507,0.6410 ± 0.0620,"[0.4870, 0.7950]"
mnist_mlp_long,mlp_256x256,gdmc,uniform,32,30,128,0.0,0.0,2.0,0.01,0.0,1,fixed,,,0.0,minibatch,randperm,0.08956666666666667,0.02257528146742214,0.0635,0.1028,3,0,0,0.033486558620065006,0.14564677471326834,0.0896 ± 0.0226,"[0.0335, 0.1456]"
mnist_mlp_long,mlp_256x256,gdmc-adaptive,uniform-pt,3,30,128,0.0,0.0,2.0,0.01,0.0,1,fixed,,,0.0,minibatch,randperm,0.9306333333333333,0.0006429100507328965,0.9299,0.9311,3,0,0,0.9290362562310444,0.9322304104356223,0.9306 ± 0.0006,"[0.9290, 0.9322]"
mnist_mlp_long,mlp_256x256,gdmc-adaptive,uniform-pt,4,30,128,0.0,0.0,2.0,0.01,0.0,1,fixed,,,0.0,minibatch,randperm,0.9304,0.0014525839046334033,0.9289,0.9318,3,0,0,0.9267915815430187,0.9340084184569813,0.9304 ± 0.0015,"[0.9268, 0.9340]"
mnist_mlp_long,mlp_256x256,gdmc-adaptive,uniform-pt,8,30,128,0.0,0.0,2.0,0.01,0.0,1,fixed,,,0.0,minibatch,randperm,0.9304,0.0014525839046334033,0.9289,0.9318,3,0,0,0.9267915815430187,0.9340084184569813,0.9304 ± 0.0015,"[0.9268, 0.9340]"
mnist_mlp_long,mlp_256x256,momentum,none,2,30,128,0.01,0.9,0.0,0.0,0.0,1,fixed,,,0.0,minibatch,randperm,0.9807666666666667,0.0008621678104251853,0.98,0.9817,3,0,0,0.9786249230949322,0.9829084102384011,0.9808 ± 0.0009,"[0.9786, 0.9829]"
mnist_mlp_long,mlp_256x256,projected-gd,uniform,2,30,128,0.01,0.0,0.0,0.0,0.0,1,fixed,,,0.0,minibatch,randperm,0.21823333333333336,0.07950385734876853,0.1265,0.2672,3,0,0,0.02073480306363884,0.4157318636030279,0.2182 ± 0.0795,"[0.0207, 0.4157]"
mnist_mlp_long,mlp_256x256,projected-gd,uniform,3,30,128,0.01,0.0,0.0,0.0,0.0,1,fixed,,,0.0,minibatch,randperm,0.21813333333333337,0.07873000275202163,0.1274,0.2684,3,0,0,0.02255716445082917,0.4137095022158376,0.2181 ± 0.0787,"[0.0226, 0.4137]"
mnist_mlp_long,mlp_256x256,projected-gd,uniform,4,30,128,0.01,0.0,0.0,0.0,0.0,1,fixed,,,0.0,minibatch,randperm,0.21803333333333333,0.07628239202681925,0.1306,0.271,3,0,0,0.028537366556988936,0.4075293001096777,0.2180 ± 0.0763,"[0.0285, 0.4075]"
mnist_mlp_long,mlp_256x256,projected-gd,uniform,8,30,128,0.01,0.0,0.0,0.0,0.0,1,fixed,,,0.0,minibatch,randperm,0.9731000000000001,0.0007549834435270433,0.9723,0.9738,3,0,0,0.9712245171561874,0.9749754828438127,0.9731 ± 0.0008,"[0.9712, 0.9750]"
mnist_mlp_long,mlp_256x256,projected-gd,uniform,16,30,128,0.01,0.0,0.0,0.0,0.0,1,fixed,,,0.0,minibatch,randperm,0.9719666666666668,0.0007371114795831809,0.9714,0.9728,3,0,0,0.97013558024247,0.9737977530908635,0.9720 ± 0.0007,"[0.9701, 0.9738]"
mnist_mlp_long,mlp_256x256,projected-gd,uniform,32,30,128,0.01,0.0,0.0,0.0,0.0,1,fixed,,,0.0,minibatch,randperm,0.9721666666666667,0.0005859465277082301,0.9715,0.9726,3,0,0,0.9707110948001175,0.973622238533216,0.9722 ± 0.0006,"[0.9707, 0.9736]"
mnist_mlp_long,mlp_256x256,sgd,none,2,30,128,0.01,0.0,0.0,0.0,0.0,1,fixed,,,0.0,minibatch,randperm,0.9508000000000001,0.0008000000000000229,0.95,0.9516,3,0,0,0.9488126898305997,0.9527873101694004,0.9508 ± 0.0008,"[0.9488, 0.9528]"
mnist_mlp_long,mlp_256x256,sgld,none,2,30,128,0.0005,0.0,10.0,0.0,0.0,1,fixed,,,0.0,minibatch,randperm,0.8341,0.001558845726811946,0.8332,0.8359,3,0,0,0.8302276125432255,0.8379723874567744,0.8341 ± 0.0016,"[0.8302, 0.8380]"
mnist_mlp_long_v2,mlp_256x256,gdmc,uniform,4,30,128,0.0,0.0,2.0,0.01,0.0,1,fixed,,,0.0,minibatch,randperm,0.8959,0.0020784609690826803,0.8935,0.8971,3,0,0,0.8907368167243006,0.9010631832756995,0.8959 ± 0.0021,"[0.8907, 0.9011]"
mnist_mlp_long_v2,mlp_256x256,gdmc,uniform,4,30,128,0.0,0.0,2.0,0.01,0.9,1,fixed,,,0.0,minibatch,randperm,0.9459666666666667,0.001650252505931526,0.9443,0.9476,3,0,0,0.9418672121827717,0.9500661211505618,0.9460 ± 0.0017,"[0.9419, 0.9501]"
mnist_mlp_long_v2,mlp_256x256,gdmc,uniform,4,30,128,0.0,0.0,2.0,0.01,0.9,4,fixed,,,0.0,minibatch,randperm,0.6229,0.028417776126924518,0.6022,0.6553,3,0,0,0.5523063306390286,0.6934936693609715,0.6229 ± 0.0284,"[0.5523, 0.6935]"
mnist_mlp_long_v2,mlp_256x256,gdmc,uniform,8,30,128,0.0,0.0,2.0,0.01,0.0,1,fixed,,,0.0,minibatch,randperm,0.9607666666666667,0.00035118845842838596,0.9604,0.9611,3,0,0,0.9598942661731532,0.9616390671601801,0.9608 ± 0.0004,"[0.9599, 0.9616]"
mnist_mlp_long_v2,mlp_256x256,gdmc,uniform,8,30,128,0.0,0.0,2.0,0.01,0.9,1,fixed,,,0.0,minibatch,randperm,0.9775333333333333,0.00050332229568472,0.977,0.978,3,0,0,0.9762830114374581,0.9787836552292084,0.9775 ± 0.0005,"[0.9763, 0.9788]"
mnist_mlp_long_v2,mlp_256x256,gdmc,uniform,8,30,128,0.0,0.0,2.0,0.01,0.9,4,fixed,,,0.0,minibatch,randperm,0.9724333333333334,0.00050332229568472,0.9719,0.9729,3,0,0,0.9711830114374582,0.9736836552292085,0.9724 ± 0.0005,"[0.9712, 0.9737]"
mnist_mlp_noise,mlp_256x256,adam,none,32,8,128,0.001,0.0,2.0,0.01,0.0,1,fixed,0.001,,0.0,minibatch,bernoulli,0.9793333333333333,0.0008504900548115077,0.9787,0.9803,3,0,0,0.9772205989147074,0.9814460677519592,0.9793 ± 0.0009,"[0.9772, 0.9814]"
mnist_mlp_noise,mlp_256x256,adam,none,32,8,128,0.001,0.0,2.0,0.01,0.0,1,fixed,0.001,,0.1,minibatch,bernoulli,0.9781333333333334,0.0007371114795832437,0.9773,0.9787,3,0,0,0.9763022469091366,0.9799644197575302,0.9781 ± 0.0007,"[0.9763, 0.9800]"
mnist_mlp_noise,mlp_256x256,adam,none,32,8,128,0.001,0.0,2.0,0.01,0.0,1,fixed,0.001,,0.3,minibatch,bernoulli,0.9788333333333333,0.0005686240703077319,0.9782,0.9793,3,0,0,0.9774207928364729,0.9802458738301938,0.9788 ± 0.0006,"[0.9774, 0.9802]"
mnist_mlp_noise,mlp_256x256,adam,none,32,8,128,0.001,0.0,2.0,0.01,0.0,1,fixed,0.001,,1.0,minibatch,bernoulli,0.9781999999999998,0.00017320508075686865,0.978,0.9783,3,0,0,0.977769734727025,0.9786302652729747,0.9782 ± 0.0002,"[0.9778, 0.9786]"
mnist_mlp_noise,mlp_256x256,adam,none,32,8,128,0.001,0.0,2.0,0.01,0.0,1,fixed,0.001,,3.0,minibatch,bernoulli,0.9745666666666667,0.0010214368964029216,0.9734,0.9753,3,0,0,0.972029276752139,0.9771040565811944,0.9746 ± 0.0010,"[0.9720, 0.9771]"
mnist_mlp_noise,mlp_256x256,gdmc,uniform,4,8,128,0.0,0.0,2.0,0.01,0.9,1,fixed,0.001,,0.0,minibatch,bernoulli,0.9260333333333333,0.0021031722072463077,0.924,0.9282,3,0,0,0.9208087639390076,0.931257902727659,0.9260 ± 0.0021,"[0.9208, 0.9313]"
mnist_mlp_noise,mlp_256x256,gdmc,uniform,4,8,128,0.0,0.0,2.0,0.01,0.9,1,fixed,0.001,,0.1,minibatch,bernoulli,0.9284666666666667,0.005198397188877884,0.9226,0.9325,3,0,0,0.9155531321691182,0.9413802011642152,0.9285 ± 0.0052,"[0.9156, 0.9414]"
mnist_mlp_noise,mlp_256x256,gdmc,uniform,4,8,128,0.0,0.0,2.0,0.01,0.9,1,fixed,0.001,,0.3,minibatch,bernoulli,0.9285333333333333,0.003711244175924456,0.925,0.9324,3,0,0,0.9193140917184056,0.937752574948261,0.9285 ± 0.0037,"[0.9193, 0.9378]"
mnist_mlp_noise,mlp_256x256,gdmc,uniform,4,8,128,0.0,0.0,2.0,0.01,0.9,1,fixed,0.001,,1.0,minibatch,bernoulli,0.9145666666666666,0.009914299437344674,0.9075,0.9259,3,0,0,0.8899381815487737,0.9391951517845596,0.9146 ± 0.0099,"[0.8899, 0.9392]"
mnist_mlp_noise,mlp_256x256,gdmc,uniform,4,8,128,0.0,0.0,2.0,0.01,0.9,1,fixed,0.001,,3.0,minibatch,bernoulli,0.8942,0.002946183972531243,0.8924,0.8976,3,0,0,0.8868812732880808,0.9015187267119192,0.8942 ± 0.0029,"[0.8869, 0.9015]"
mnist_mlp_noise,mlp_256x256,gdmc,uniform,8,8,128,0.0,0.0,0.0,0.01,0.9,1,fixed,0.001,,0.0,minibatch,bernoulli,0.9733,0.00045825756949559413,0.9729,0.9738,3,0,0,0.972161625089921,0.9744383749100791,0.9733 ± 0.0005,"[0.9722, 0.9744]"
mnist_mlp_noise,mlp_256x256,gdmc,uniform,8,8,128,0.0,0.0,0.0,0.01,0.9,1,fixed,0.001,,0.1,minibatch,bernoulli,0.9740666666666667,0.0013650396819628536,0.9726,0.9753,3,0,0,0.9706757201146672,0.9774576132186663,0.9741 ± 0.0014,"[0.9707, 0.9775]"
mnist_mlp_noise,mlp_256x256,gdmc,uniform,8,8,128,0.0,0.0,0.0,0.01,0.9,1,fixed,0.001,,0.3,minibatch,bernoulli,0.9727666666666667,0.0019347695814575059,0.9716,0.975,3,0,0,0.9679604325858207,0.9775729007475127,0.9728 ± 0.0019,"[0.9680, 0.9776]"
mnist_mlp_noise,mlp_256x256,gdmc,uniform,8,8,128,0.0,0.0,0.0,0.01,0.9,1,fixed,0.001,,1.0,minibatch,bernoulli,0.9687333333333333,0.0005859465277082301,0.9683,0.9694,3,0,0,0.9672777614667841,0.9701889051998825,0.9687 ± 0.0006,"[0.9673, 0.9702]"
mnist_mlp_noise,mlp_256x256,gdmc,uniform,8,8,128,0.0,0.0,0.0,0.01,0.9,1,fixed,0.001,,3.0,minibatch,bernoulli,0.9490333333333334,0.0004725815626252715,0.9485,0.9494,3,0,0,0.9478593756517381,0.9502072910149287,0.9490 ± 0.0005,"[0.9479, 0.9502]"
mnist_mlp_noise,mlp_256x256,gdmc,uniform,8,8,128,0.0,0.0,2.0,0.01,0.9,1,fixed,0.001,,0.0,minibatch,bernoulli,0.9733,0.00045825756949559413,0.9729,0.9738,3,0,0,0.972161625089921,0.9744383749100791,0.9733 ± 0.0005,"[0.9722, 0.9744]"
mnist_mlp_noise,mlp_256x256,gdmc,uniform,8,8,128,0.0,0.0,2.0,0.01,0.9,1,fixed,0.001,,0.1,minibatch,bernoulli,0.9740666666666667,0.0013650396819628536,0.9726,0.9753,3,0,0,0.9706757201146672,0.9774576132186663,0.9741 ± 0.0014,"[0.9707, 0.9775]"
mnist_mlp_noise,mlp_256x256,gdmc,uniform,8,8,128,0.0,0.0,2.0,0.01,0.9,1,fixed,0.001,,0.3,minibatch,bernoulli,0.9727666666666667,0.0019347695814575059,0.9716,0.975,3,0,0,0.9679604325858207,0.9775729007475127,0.9728 ± 0.0019,"[0.9680, 0.9776]"
mnist_mlp_noise,mlp_256x256,gdmc,uniform,8,8,128,0.0,0.0,2.0,0.01,0.9,1,fixed,0.001,,1.0,minibatch,bernoulli,0.9687333333333333,0.0005859465277082301,0.9683,0.9694,3,0,0,0.9672777614667841,0.9701889051998825,0.9687 ± 0.0006,"[0.9673, 0.9702]"
mnist_mlp_noise,mlp_256x256,gdmc,uniform,8,8,128,0.0,0.0,2.0,0.01,0.9,1,fixed,0.001,,1.0,separate,bernoulli,0.9613,0.0008717797887081023,0.9603,0.9619,3,0,0,0.9591343789505286,0.9634656210494715,0.9613 ± 0.0009,"[0.9591, 0.9635]"
mnist_mlp_noise,mlp_256x256,gdmc,uniform,8,8,128,0.0,0.0,2.0,0.01,0.9,1,fixed,0.001,,3.0,minibatch,bernoulli,0.9490333333333334,0.0004725815626252715,0.9485,0.9494,3,0,0,0.9478593756517381,0.9502072910149287,0.9490 ± 0.0005,"[0.9479, 0.9502]"
mnist_mlp_noise,mlp_256x256,gdmc,uniform,8,8,128,0.0,0.0,2.0,0.01,0.9,1,fixed,0.001,,3.0,separate,bernoulli,0.9396,0.000700000000000026,0.9388,0.9401,3,0,0,0.9378611036017747,0.9413388963982253,0.9396 ± 0.0007,"[0.9379, 0.9413]"
mnist_mlp_v3,mlp_256x256,adam,none,32,30,128,0.001,0.0,2.0,0.01,0.0,1,fixed,0.0,,0.0,minibatch,randperm,0.9832333333333333,0.0008962886439832794,0.9822,0.9838,3,0,0,0.9810068289122008,0.9854598377544658,0.9832 ± 0.0009,"[0.9810, 0.9855]"
mnist_mlp_v3,mlp_256x256,gdmc,uniform,4,30,128,0.0,0.0,2.0,0.01,0.0,1,fixed,0.0,,0.0,minibatch,randperm,0.9009333333333333,0.004006661120351146,0.8964,0.904,3,0,0,0.8909802353460652,0.9108864313206013,0.9009 ± 0.0040,"[0.8910, 0.9109]"
mnist_mlp_v3,mlp_256x256,gdmc,uniform,4,30,128,0.0,0.0,2.0,0.01,0.9,1,fixed,0.0,,0.0,minibatch,randperm,0.9518999999999999,0.0030999999999999917,0.9488,0.955,3,0,0,0.9441991730935738,0.9596008269064259,0.9519 ± 0.0031,"[0.9442, 0.9596]"
mnist_mlp_v3,mlp_256x256,gdmc,uniform,8,30,128,0.0,0.0,2.0,0.01,0.0,1,fixed,0.0,,0.0,minibatch,randperm,0.9620333333333333,0.001184623709594455,0.9613,0.9634,3,0,0,0.9590905649020961,0.9649761017645705,0.9620 ± 0.0012,"[0.9591, 0.9650]"
mnist_mlp_v3,mlp_256x256,gdmc,uniform,8,30,128,0.0,0.0,2.0,0.01,0.9,1,fixed,0.0,,0.0,minibatch,randperm,0.9789666666666667,0.0003055050463303557,0.9787,0.9793,3,0,0,0.9782077500599474,0.9797255832733859,0.9790 ± 0.0003,"[0.9782, 0.9797]"
mnist_mlp_v3,mlp_256x256,gdmc,uniform,16,30,128,0.0,0.0,2.0,0.01,0.0,1,fixed,0.0,,0.0,minibatch,randperm,0.6414,0.06136546259908748,0.5828,0.7052,3,0,0,0.48895974015860233,0.7938402598413976,0.6414 ± 0.0614,"[0.4890, 0.7938]"
mnist_mlp_v3,mlp_256x256,gdmc,uniform,16,30,128,0.0,0.0,2.0,0.01,0.9,1,fixed,0.0,,0.0,minibatch,randperm,0.7025333333333332,0.037274700982480514,0.6645,0.739,3,0,0,0.6099378429285363,0.7951288237381302,0.7025 ± 0.0373,"[0.6099, 0.7951]"
mnist_mlp_v3,mlp_256x256,gdmc,uniform,32,30,128,0.0,0.0,2.0,0.01,0.0,1,fixed,0.0,,0.0,minibatch,randperm,0.08956666666666667,0.02257528146742214,0.0635,0.1028,3,0,0,0.033486558620065006,0.14564677471326834,0.0896 ± 0.0226,"[0.0335, 0.1456]"
mnist_mlp_v3,mlp_256x256,gdmc,uniform,32,30,128,0.0,0.0,2.0,0.01,0.9,1,fixed,0.0,,0.0,minibatch,randperm,0.08956666666666667,0.02257528146742214,0.0635,0.1028,3,0,0,0.033486558620065006,0.14564677471326834,0.0896 ± 0.0226,"[0.0335, 0.1456]"
mnist_mlp_v3,mlp_256x256,gdmc-auto,uniform,4,30,128,0.0,0.0,2.0,0.01,0.9,1,auto,0.001,,0.0,minibatch,randperm,0.9468666666666667,0.0038991452054691735,0.9425,0.95,3,0,0,0.9371806530181703,0.9565526803151632,0.9469 ± 0.0039,"[0.9372, 0.9566]"
mnist_mlp_v3,mlp_256x256,gdmc-auto,uniform,8,30,128,0.0,0.0,2.0,0.01,0.9,1,auto,0.001,,0.0,minibatch,randperm,0.9785333333333334,0.0003214550253664367,0.9783,0.9789,3,0,0,0.9777347947821889,0.9793318718844778,0.9785 ± 0.0003,"[0.9777, 0.9793]"
mnist_mlp_v3,mlp_256x256,gdmc-auto,uniform,16,30,128,0.0,0.0,2.0,0.01,0.9,1,auto,0.0001,,0.0,minibatch,randperm,0.9131666666666667,0.0002516611478423306,0.9129,0.9134,3,0,0,0.9125415057187292,0.9137918276146042,0.9132 ± 0.0003,"[0.9125, 0.9138]"
mnist_mlp_v3,mlp_256x256,gdmc-auto,uniform,16,30,128,0.0,0.0,2.0,0.01,0.9,1,auto,0.001,,0.0,minibatch,randperm,0.977,0.00017320508075686865,0.9769,0.9772,3,0,0,0.9765697347270251,0.9774302652729748,0.9770 ± 0.0002,"[0.9766, 0.9774]"
mnist_mlp_v3,mlp_256x256,gdmc-auto,uniform,16,30,128,0.0,0.0,2.0,0.01,0.9,1,auto,0.01,,0.0,minibatch,randperm,0.9716999999999999,0.0003605551275463592,0.9713,0.972,3,0,0,0.970804331410497,0.9725956685895027,0.9717 ± 0.0004,"[0.9708, 0.9726]"
mnist_mlp_v3,mlp_256x256,gdmc-auto,uniform,32,30,128,0.0,0.0,2.0,0.01,0.9,1,auto,0.0001,,0.0,minibatch,randperm,0.9128666666666666,0.0006506407098647564,0.9122,0.9135,3,0,0,0.9112503855424916,0.9144829477908416,0.9129 ± 0.0007,"[0.9113, 0.9145]"
mnist_mlp_v3,mlp_256x256,gdmc-auto,uniform,32,30,128,0.0,0.0,2.0,0.01,0.9,1,auto,0.001,,0.0,minibatch,randperm,0.9691000000000001,0.0007999999999999674,0.9683,0.9699,3,0,0,0.9671126898305998,0.9710873101694003,0.9691 ± 0.0008,"[0.9671, 0.9711]"
mnist_mlp_v3,mlp_256x256,gdmc-auto,uniform,32,30,128,0.0,0.0,2.0,0.01,0.9,1,auto,0.01,,0.0,minibatch,randperm,0.9749666666666666,0.00040414518843275303,0.9746,0.9754,3,0,0,0.9739627143630584,0.9759706189702749,0.9750 ± 0.0004,"[0.9740, 0.9760]"
mnist_mlp_v3,mlp_256x256,projected-gd,uniform,4,30,128,0.01,0.0,2.0,0.01,0.0,1,fixed,0.0,,0.0,minibatch,randperm,0.21803333333333333,0.07628239202681925,0.1306,0.271,3,0,0,0.028537366556988936,0.4075293001096777,0.2180 ± 0.0763,"[0.0285, 0.4075]"
mnist_mlp_v3,mlp_256x256,projected-gd,uniform,8,30,128,0.01,0.0,2.0,0.01,0.0,1,fixed,0.0,,0.0,minibatch,randperm,0.9741666666666667,0.0014640127503998581,0.9726,0.9755,3,0,0,0.9705298573829151,0.9778034759504184,0.9742 ± 0.0015,"[0.9705, 0.9778]"
mnist_mlp_v3,mlp_256x256,projected-gd,uniform,16,30,128,0.01,0.0,2.0,0.01,0.0,1,fixed,0.0,,0.0,minibatch,randperm,0.9741333333333334,0.001193035344544878,0.9728,0.9751,3,0,0,0.9711696692424985,0.9770969974241683,0.9741 ± 0.0012,"[0.9712, 0.9771]"
mnist_mlp_v3,mlp_256x256,projected-gd,uniform,32,30,128,0.01,0.0,2.0,0.01,0.0,1,fixed,0.0,,0.0,minibatch,randperm,0.9750666666666666,0.0024419937209856552,0.9731,0.9778,3,0,0,0.9690004179725087,0.9811329153608246,0.9751 ± 0.0024,"[0.9690, 0.9811]"
toy_regression,mlp_64x64,adam,none,32,30,32,0.01,0.0,0.0,0.0,0.0,1,fixed,,,0.0,minibatch,randperm,0.0,0.0,0.0,0.0,3,0,0,0.0,0.0,0.0000 ± 0.0000,"[0.0000, 0.0000]"
toy_regression,mlp_64x64,gdmc,uniform,2,30,32,0.0,0.0,2.0,0.05,0.0,1,fixed,,,0.0,minibatch,randperm,0.0,0.0,0.0,0.0,3,0,0,0.0,0.0,0.0000 ± 0.0000,"[0.0000, 0.0000]"
toy_regression,mlp_64x64,gdmc,uniform,3,30,32,0.0,0.0,2.0,0.05,0.0,1,fixed,,,0.0,minibatch,randperm,0.0,0.0,0.0,0.0,3,0,0,0.0,0.0,0.0000 ± 0.0000,"[0.0000, 0.0000]"
toy_regression,mlp_64x64,gdmc,uniform,4,30,32,0.0,0.0,2.0,0.05,0.0,1,fixed,,,0.0,minibatch,randperm,0.0,0.0,0.0,0.0,3,0,0,0.0,0.0,0.0000 ± 0.0000,"[0.0000, 0.0000]"
toy_regression,mlp_64x64,gdmc,uniform,8,30,32,0.0,0.0,2.0,0.05,0.0,1,fixed,,,0.0,minibatch,randperm,0.0,0.0,0.0,0.0,3,0,0,0.0,0.0,0.0000 ± 0.0000,"[0.0000, 0.0000]"
toy_regression,mlp_64x64,gdmc,uniform,16,30,32,0.0,0.0,2.0,0.05,0.0,1,fixed,,,0.0,minibatch,randperm,0.0,0.0,0.0,0.0,3,0,0,0.0,0.0,0.0000 ± 0.0000,"[0.0000, 0.0000]"
toy_regression,mlp_64x64,gdmc,uniform,32,30,32,0.0,0.0,2.0,0.05,0.0,1,fixed,,,0.0,minibatch,randperm,0.0,0.0,0.0,0.0,3,0,0,0.0,0.0,0.0000 ± 0.0000,"[0.0000, 0.0000]"
toy_regression,mlp_64x64,gdmc-adaptive,uniform-pt,3,30,32,0.0,0.0,2.0,0.05,0.0,1,fixed,,,0.0,minibatch,randperm,0.0,0.0,0.0,0.0,3,0,0,0.0,0.0,0.0000 ± 0.0000,"[0.0000, 0.0000]"
toy_regression,mlp_64x64,gdmc-adaptive,uniform-pt,4,30,32,0.0,0.0,2.0,0.05,0.0,1,fixed,,,0.0,minibatch,randperm,0.0,0.0,0.0,0.0,3,0,0,0.0,0.0,0.0000 ± 0.0000,"[0.0000, 0.0000]"
toy_regression,mlp_64x64,gdmc-adaptive,uniform-pt,8,30,32,0.0,0.0,2.0,0.05,0.0,1,fixed,,,0.0,minibatch,randperm,0.0,0.0,0.0,0.0,3,0,0,0.0,0.0,0.0000 ± 0.0000,"[0.0000, 0.0000]"
toy_regression,mlp_64x64,momentum,none,32,30,32,0.01,0.9,0.0,0.0,0.0,1,fixed,,,0.0,minibatch,randperm,0.0,0.0,0.0,0.0,3,0,0,0.0,0.0,0.0000 ± 0.0000,"[0.0000, 0.0000]"
toy_regression,mlp_64x64,projected-gd,uniform,2,30,32,0.01,0.0,0.0,0.0,0.0,1,fixed,,,0.0,minibatch,randperm,0.0,0.0,0.0,0.0,3,0,0,0.0,0.0,0.0000 ± 0.0000,"[0.0000, 0.0000]"
toy_regression,mlp_64x64,projected-gd,uniform,3,30,32,0.01,0.0,0.0,0.0,0.0,1,fixed,,,0.0,minibatch,randperm,0.0,0.0,0.0,0.0,3,0,0,0.0,0.0,0.0000 ± 0.0000,"[0.0000, 0.0000]"
toy_regression,mlp_64x64,projected-gd,uniform,4,30,32,0.01,0.0,0.0,0.0,0.0,1,fixed,,,0.0,minibatch,randperm,0.0,0.0,0.0,0.0,3,0,0,0.0,0.0,0.0000 ± 0.0000,"[0.0000, 0.0000]"
toy_regression,mlp_64x64,projected-gd,uniform,8,30,32,0.01,0.0,0.0,0.0,0.0,1,fixed,,,0.0,minibatch,randperm,0.0,0.0,0.0,0.0,3,0,0,0.0,0.0,0.0000 ± 0.0000,"[0.0000, 0.0000]"
toy_regression,mlp_64x64,projected-gd,uniform,16,30,32,0.01,0.0,0.0,0.0,0.0,1,fixed,,,0.0,minibatch,randperm,0.0,0.0,0.0,0.0,3,0,0,0.0,0.0,0.0000 ± 0.0000,"[0.0000, 0.0000]"
toy_regression,mlp_64x64,projected-gd,uniform,32,30,32,0.01,0.0,0.0,0.0,0.0,1,fixed,,,0.0,minibatch,randperm,0.0,0.0,0.0,0.0,3,0,0,0.0,0.0,0.0000 ± 0.0000,"[0.0000, 0.0000]"
toy_regression,mlp_64x64,sgd,none,32,30,32,0.01,0.0,0.0,0.0,0.0,1,fixed,,,0.0,minibatch,randperm,0.0,0.0,0.0,0.0,3,0,0,0.0,0.0,0.0000 ± 0.0000,"[0.0000, 0.0000]"
toy_regression,mlp_64x64,sgld,none,32,30,32,0.005,0.0,10.0,0.0,0.0,1,fixed,,,0.0,minibatch,randperm,0.0,0.0,0.0,0.0,3,0,0,0.0,0.0,0.0000 ± 0.0000,"[0.0000, 0.0000]"
toy_regression_v2,mlp_64x64,gdmc,uniform,2,30,32,0.0,0.0,2.0,0.05,0.0,1,fixed,,,0.0,minibatch,randperm,0.0,0.0,0.0,0.0,3,0,0,0.0,0.0,0.0000 ± 0.0000,"[0.0000, 0.0000]"
toy_regression_v2,mlp_64x64,gdmc,uniform,2,30,32,0.0,0.0,2.0,0.05,0.0,2,fixed,,,0.0,minibatch,randperm,0.0,0.0,0.0,0.0,3,0,0,0.0,0.0,0.0000 ± 0.0000,"[0.0000, 0.0000]"
toy_regression_v2,mlp_64x64,gdmc,uniform,2,30,32,0.0,0.0,2.0,0.05,0.0,4,fixed,,,0.0,minibatch,randperm,0.0,0.0,0.0,0.0,3,0,0,0.0,0.0,0.0000 ± 0.0000,"[0.0000, 0.0000]"
toy_regression_v2,mlp_64x64,gdmc,uniform,2,30,32,0.0,0.0,2.0,0.05,0.9,1,fixed,,,0.0,minibatch,randperm,0.0,0.0,0.0,0.0,3,0,0,0.0,0.0,0.0000 ± 0.0000,"[0.0000, 0.0000]"
toy_regression_v2,mlp_64x64,gdmc,uniform,2,30,32,0.0,0.0,2.0,0.05,0.9,2,fixed,,,0.0,minibatch,randperm,0.0,0.0,0.0,0.0,3,0,0,0.0,0.0,0.0000 ± 0.0000,"[0.0000, 0.0000]"
toy_regression_v2,mlp_64x64,gdmc,uniform,2,30,32,0.0,0.0,2.0,0.05,0.9,4,fixed,,,0.0,minibatch,randperm,0.0,0.0,0.0,0.0,3,0,0,0.0,0.0,0.0000 ± 0.0000,"[0.0000, 0.0000]"
toy_regression_v2,mlp_64x64,gdmc,uniform,3,30,32,0.0,0.0,2.0,0.05,0.0,1,fixed,,,0.0,minibatch,randperm,0.0,0.0,0.0,0.0,3,0,0,0.0,0.0,0.0000 ± 0.0000,"[0.0000, 0.0000]"
toy_regression_v2,mlp_64x64,gdmc,uniform,3,30,32,0.0,0.0,2.0,0.05,0.0,2,fixed,,,0.0,minibatch,randperm,0.0,0.0,0.0,0.0,3,0,0,0.0,0.0,0.0000 ± 0.0000,"[0.0000, 0.0000]"
toy_regression_v2,mlp_64x64,gdmc,uniform,3,30,32,0.0,0.0,2.0,0.05,0.0,4,fixed,,,0.0,minibatch,randperm,0.0,0.0,0.0,0.0,3,0,0,0.0,0.0,0.0000 ± 0.0000,"[0.0000, 0.0000]"
toy_regression_v2,mlp_64x64,gdmc,uniform,3,30,32,0.0,0.0,2.0,0.05,0.9,1,fixed,,,0.0,minibatch,randperm,0.0,0.0,0.0,0.0,3,0,0,0.0,0.0,0.0000 ± 0.0000,"[0.0000, 0.0000]"
toy_regression_v2,mlp_64x64,gdmc,uniform,3,30,32,0.0,0.0,2.0,0.05,0.9,2,fixed,,,0.0,minibatch,randperm,0.0,0.0,0.0,0.0,3,0,0,0.0,0.0,0.0000 ± 0.0000,"[0.0000, 0.0000]"
toy_regression_v2,mlp_64x64,gdmc,uniform,3,30,32,0.0,0.0,2.0,0.05,0.9,4,fixed,,,0.0,minibatch,randperm,0.0,0.0,0.0,0.0,3,0,0,0.0,0.0,0.0000 ± 0.0000,"[0.0000, 0.0000]"
toy_regression_v2,mlp_64x64,gdmc,uniform,4,30,32,0.0,0.0,2.0,0.05,0.0,1,fixed,,,0.0,minibatch,randperm,0.0,0.0,0.0,0.0,3,0,0,0.0,0.0,0.0000 ± 0.0000,"[0.0000, 0.0000]"
toy_regression_v2,mlp_64x64,gdmc,uniform,4,30,32,0.0,0.0,2.0,0.05,0.0,2,fixed,,,0.0,minibatch,randperm,0.0,0.0,0.0,0.0,3,0,0,0.0,0.0,0.0000 ± 0.0000,"[0.0000, 0.0000]"
toy_regression_v2,mlp_64x64,gdmc,uniform,4,30,32,0.0,0.0,2.0,0.05,0.0,4,fixed,,,0.0,minibatch,randperm,0.0,0.0,0.0,0.0,3,0,0,0.0,0.0,0.0000 ± 0.0000,"[0.0000, 0.0000]"
toy_regression_v2,mlp_64x64,gdmc,uniform,4,30,32,0.0,0.0,2.0,0.05,0.9,1,fixed,,,0.0,minibatch,randperm,0.0,0.0,0.0,0.0,3,0,0,0.0,0.0,0.0000 ± 0.0000,"[0.0000, 0.0000]"
toy_regression_v2,mlp_64x64,gdmc,uniform,4,30,32,0.0,0.0,2.0,0.05,0.9,2,fixed,,,0.0,minibatch,randperm,0.0,0.0,0.0,0.0,3,0,0,0.0,0.0,0.0000 ± 0.0000,"[0.0000, 0.0000]"
toy_regression_v2,mlp_64x64,gdmc,uniform,4,30,32,0.0,0.0,2.0,0.05,0.9,4,fixed,,,0.0,minibatch,randperm,0.0,0.0,0.0,0.0,3,0,0,0.0,0.0,0.0000 ± 0.0000,"[0.0000, 0.0000]"
toy_regression_v2,mlp_64x64,gdmc,uniform,8,30,32,0.0,0.0,2.0,0.05,0.0,1,fixed,,,0.0,minibatch,randperm,0.0,0.0,0.0,0.0,3,0,0,0.0,0.0,0.0000 ± 0.0000,"[0.0000, 0.0000]"
toy_regression_v2,mlp_64x64,gdmc,uniform,8,30,32,0.0,0.0,2.0,0.05,0.0,2,fixed,,,0.0,minibatch,randperm,0.0,0.0,0.0,0.0,3,0,0,0.0,0.0,0.0000 ± 0.0000,"[0.0000, 0.0000]"
toy_regression_v2,mlp_64x64,gdmc,uniform,8,30,32,0.0,0.0,2.0,0.05,0.0,4,fixed,,,0.0,minibatch,randperm,0.0,0.0,0.0,0.0,3,0,0,0.0,0.0,0.0000 ± 0.0000,"[0.0000, 0.0000]"
toy_regression_v2,mlp_64x64,gdmc,uniform,8,30,32,0.0,0.0,2.0,0.05,0.9,1,fixed,,,0.0,minibatch,randperm,0.0,0.0,0.0,0.0,3,0,0,0.0,0.0,0.0000 ± 0.0000,"[0.0000, 0.0000]"
toy_regression_v2,mlp_64x64,gdmc,uniform,8,30,32,0.0,0.0,2.0,0.05,0.9,2,fixed,,,0.0,minibatch,randperm,0.0,0.0,0.0,0.0,3,0,0,0.0,0.0,0.0000 ± 0.0000,"[0.0000, 0.0000]"
toy_regression_v2,mlp_64x64,gdmc,uniform,8,30,32,0.0,0.0,2.0,0.05,0.9,4,fixed,,,0.0,minibatch,randperm,0.0,0.0,0.0,0.0,3,0,0,0.0,0.0,0.0000 ± 0.0000,"[0.0000, 0.0000]"
toy_regression_v2,mlp_64x64,gdmc,uniform,16,30,32,0.0,0.0,2.0,0.05,0.0,1,fixed,,,0.0,minibatch,randperm,0.0,0.0,0.0,0.0,3,0,0,0.0,0.0,0.0000 ± 0.0000,"[0.0000, 0.0000]"
toy_regression_v2,mlp_64x64,gdmc,uniform,16,30,32,0.0,0.0,2.0,0.05,0.0,2,fixed,,,0.0,minibatch,randperm,0.0,0.0,0.0,0.0,3,0,0,0.0,0.0,0.0000 ± 0.0000,"[0.0000, 0.0000]"
toy_regression_v2,mlp_64x64,gdmc,uniform,16,30,32,0.0,0.0,2.0,0.05,0.0,4,fixed,,,0.0,minibatch,randperm,0.0,0.0,0.0,0.0,3,0,0,0.0,0.0,0.0000 ± 0.0000,"[0.0000, 0.0000]"
toy_regression_v2,mlp_64x64,gdmc,uniform,16,30,32,0.0,0.0,2.0,0.05,0.9,1,fixed,,,0.0,minibatch,randperm,0.0,0.0,0.0,0.0,3,0,0,0.0,0.0,0.0000 ± 0.0000,"[0.0000, 0.0000]"
toy_regression_v2,mlp_64x64,gdmc,uniform,16,30,32,0.0,0.0,2.0,0.05,0.9,2,fixed,,,0.0,minibatch,randperm,0.0,0.0,0.0,0.0,3,0,0,0.0,0.0,0.0000 ± 0.0000,"[0.0000, 0.0000]"
toy_regression_v2,mlp_64x64,gdmc,uniform,16,30,32,0.0,0.0,2.0,0.05,0.9,4,fixed,,,0.0,minibatch,randperm,0.0,0.0,0.0,0.0,3,0,0,0.0,0.0,0.0000 ± 0.0000,"[0.0000, 0.0000]"
toy_regression_v2,mlp_64x64,gdmc,uniform,32,30,32,0.0,0.0,2.0,0.05,0.0,1,fixed,,,0.0,minibatch,randperm,0.0,0.0,0.0,0.0,3,0,0,0.0,0.0,0.0000 ± 0.0000,"[0.0000, 0.0000]"
toy_regression_v2,mlp_64x64,gdmc,uniform,32,30,32,0.0,0.0,2.0,0.05,0.0,2,fixed,,,0.0,minibatch,randperm,0.0,0.0,0.0,0.0,3,0,0,0.0,0.0,0.0000 ± 0.0000,"[0.0000, 0.0000]"
toy_regression_v2,mlp_64x64,gdmc,uniform,32,30,32,0.0,0.0,2.0,0.05,0.0,4,fixed,,,0.0,minibatch,randperm,0.0,0.0,0.0,0.0,3,0,0,0.0,0.0,0.0000 ± 0.0000,"[0.0000, 0.0000]"
toy_regression_v2,mlp_64x64,gdmc,uniform,32,30,32,0.0,0.0,2.0,0.05,0.9,1,fixed,,,0.0,minibatch,randperm,0.0,0.0,0.0,0.0,3,0,0,0.0,0.0,0.0000 ± 0.0000,"[0.0000, 0.0000]"
toy_regression_v2,mlp_64x64,gdmc,uniform,32,30,32,0.0,0.0,2.0,0.05,0.9,2,fixed,,,0.0,minibatch,randperm,0.0,0.0,0.0,0.0,3,0,0,0.0,0.0,0.0000 ± 0.0000,"[0.0000, 0.0000]"
toy_regression_v2,mlp_64x64,gdmc,uniform,32,30,32,0.0,0.0,2.0,0.05,0.9,4,fixed,,,0.0,minibatch,randperm,0.0,0.0,0.0,0.0,3,0,0,0.0,0.0,0.0000 ± 0.0000,"[0.0000, 0.0000]"
