task,method,bits,metric,n,mean,std,ci_lo,ci_hi
fashion,adam-fp32,32,best_test_acc,8,0.8853624999999999,0.0021928047923020742,0.8835292693165855,0.8871957306834144
fashion,gdmc-v1,2,best_test_acc,8,0.65835,0.016312659413561505,0.6447122754428427,0.6719877245571573
fashion,gdmc-v1,4,best_test_acc,8,0.763125,0.008725455370842915,0.7558303367592291,0.770419663240771
fashion,gdmc-v1,8,best_test_acc,8,0.8474375000000001,0.0011363318177363422,0.846487502826459,0.8483874971735411
fashion,gdmc-v2,2,best_test_acc,8,0.32737499999999997,0.029121015975212324,0.30302922138560945,0.3517207786143905
fashion,gdmc-v2,4,best_test_acc,8,0.7925125,0.009840504850579836,0.7842856320655166,0.8007393679344833
fashion,gdmc-v2,8,best_test_acc,8,0.8751,0.002380876189257094,0.873109537693971,0.8770904623060289
fashion,projected-adam,2,best_test_acc,8,0.7350875,0.018867919674864623,0.7193135244041843,0.7508614755958157
fashion,projected-adam,4,best_test_acc,8,0.7527874999999999,0.019168235443044822,0.7367624541388903,0.7688125458611096
fashion,projected-adam,8,best_test_acc,8,0.8665875000000001,0.0023871306745008214,0.8645918088134533,0.8685831911865468
fashion,projected-msgd,2,best_test_acc,8,0.49613749999999995,0.12576163323071607,0.390998143480799,0.6012768565192009
fashion,projected-msgd,4,best_test_acc,8,0.63635,0.016063356703112475,0.6229206977245971,0.6497793022754028
fashion,projected-msgd,8,best_test_acc,8,0.093775,0.019152004744002277,0.07776352334286261,0.10978647665713738
fashion,qat-ste-adam,2,best_test_acc,8,0.7789999999999999,0.018974117709583817,0.7631372406253231,0.7948627593746768
fashion,qat-ste-adam,4,best_test_acc,8,0.8798125,0.0018818209266558816,0.8782392583345551,0.8813857416654449
fashion,qat-ste-adam,8,best_test_acc,8,0.8853500000000001,0.002708716090169448,0.8830854566778634,0.8876145433221367
mnist,adam-fp32,32,best_test_acc,10,0.98013,0.0006019413038937445,0.9796993971312705,0.9805606028687294
mnist,gdmc-v1,2,best_test_acc,10,0.7966499999999999,0.005555027752705953,0.7926761725342429,0.8006238274657568
mnist,gdmc-v1,4,best_test_acc,10,0.8953200000000001,0.003190889809720435,0.8930373749384252,0.8976026250615751
mnist,gdmc-v1,8,best_test_acc,10,0.94268,0.0015483324363112008,0.9415723896989464,0.9437876103010535
mnist,gdmc-v2,2,best_test_acc,10,0.49446,0.06005216621127557,0.4515012681822658,0.5374187318177341
mnist,gdmc-v2,4,best_test_acc,10,0.9351499999999999,0.00623809978189583,0.9306875322408866,0.9396124677591132
mnist,gdmc-v2,8,best_test_acc,10,0.97438,0.0009600925881276978,0.9736931911367116,0.9750668088632884
mnist,projected-adam,2,best_test_acc,10,0.79599,0.1255516843552664,0.7061757355402111,0.8858042644597889
mnist,projected-adam,4,best_test_acc,10,0.9170299999999999,0.011221314044660223,0.9090027555040866,0.9250572444959132
mnist,projected-adam,8,best_test_acc,10,0.9738900000000001,0.0022902935280099995,0.9722516227080382,0.9755283772919621
mnist,projected-msgd,2,best_test_acc,10,0.40937999999999997,0.14006050121286875,0.3091867532036616,0.5095732467963383
mnist,projected-msgd,4,best_test_acc,10,0.43055000000000004,0.14000952546959874,0.33039321905364694,0.5307067809463532
mnist,projected-msgd,8,best_test_acc,10,0.09470000000000002,0.024492130255338026,0.0771793854799109,0.11222061452008913
mnist,qat-ste-adam,2,best_test_acc,10,0.94223,0.0030225265369665036,0.9400678147683015,0.9443921852316985
mnist,qat-ste-adam,4,best_test_acc,10,0.97858,0.0014913081505845691,0.977513182415549,0.979646817584451
mnist,qat-ste-adam,8,best_test_acc,10,0.98055,0.0012011568497818383,0.9796907441523546,0.9814092558476455
fashion,adam-fp32,32,final_test_acc,8,0.884075,0.0026075440004505795,0.8818950386615534,0.8862549613384467
fashion,gdmc-v1,2,final_test_acc,8,0.556625,0.03073981829112573,0.5309258687815233,0.5823241312184768
fashion,gdmc-v1,4,final_test_acc,8,0.7541875,0.012863507353306538,0.7434333387270982,0.7649416612729019
fashion,gdmc-v1,8,final_test_acc,8,0.847275,0.0011853269591129557,0.8462840418632098,0.8482659581367902
fashion,gdmc-v2,2,final_test_acc,8,0.29233750000000003,0.08676106660577329,0.2198034331346647,0.3648715668653354
fashion,gdmc-v2,4,final_test_acc,8,0.750675,0.027504895668122146,0.7276803317742074,0.7736696682257925
fashion,gdmc-v2,8,final_test_acc,8,0.875075,0.002403420182038196,0.873065690444349,0.8770843095556511
fashion,projected-adam,2,final_test_acc,8,0.35895,0.11693217814491563,0.26119225265911805,0.45670774734088193
fashion,projected-adam,4,final_test_acc,8,0.5589125,0.15296487400240433,0.43103066505953735,0.6867943349404627
fashion,projected-adam,8,final_test_acc,8,0.8633500000000001,0.004012124481760608,0.8599957799930654,0.8667042200069347
fashion,projected-msgd,2,final_test_acc,8,0.47516250000000004,0.11962867474576726,0.37515042508570273,0.5751745749142974
fashion,projected-msgd,4,final_test_acc,8,0.6183125,0.027434932763072076,0.5953763222265673,0.6412486777734328
fashion,projected-msgd,8,final_test_acc,8,0.093775,0.019152004744002277,0.07776352334286261,0.10978647665713738
fashion,qat-ste-adam,2,final_test_acc,8,0.757175,0.02851865304372863,0.7333328093987441,0.781017190601256
fashion,qat-ste-adam,4,final_test_acc,8,0.879025,0.0024829418035870366,0.8769492087050121,0.8811007912949878
fashion,qat-ste-adam,8,final_test_acc,8,0.8830875,0.00455645147016842,0.8792782112425488,0.8868967887574513
mnist,adam-fp32,32,final_test_acc,10,0.97915,0.0017890096577591432,0.9778702195864738,0.9804297804135261
mnist,gdmc-v1,2,final_test_acc,10,0.77679,0.012481671006364143,0.7678611504475436,0.7857188495524564
mnist,gdmc-v1,4,final_test_acc,10,0.89212,0.004103331979420308,0.8891846531310315,0.8950553468689686
mnist,gdmc-v1,8,final_test_acc,10,0.9426,0.0016124515496597175,0.9414465216484078,0.9437534783515922
mnist,gdmc-v2,2,final_test_acc,10,0.40986,0.06557743853219983,0.3629487264701241,0.4567712735298759
mnist,gdmc-v2,4,final_test_acc,10,0.93354,0.007800313384017902,0.9279599919520074,0.9391200080479927
mnist,gdmc-v2,8,final_test_acc,10,0.97427,0.0009775820511172609,0.9735706799285803,0.9749693200714197
mnist,projected-adam,2,final_test_acc,10,0.46347000000000005,0.22780606786377652,0.3005073561316256,0.6264326438683745
mnist,projected-adam,4,final_test_acc,10,0.49068000000000006,0.29140759846724046,0.2822195619841331,0.699140438015867
mnist,projected-adam,8,final_test_acc,10,0.97068,0.002988793885313763,0.9685419456536178,0.9728180543463821
mnist,projected-msgd,2,final_test_acc,10,0.38526,0.14192398747999657,0.2837336954332903,0.4867863045667097
mnist,projected-msgd,4,final_test_acc,10,0.42704000000000003,0.14010572357251425,0.326814403076385,0.5272655969236151
mnist,projected-msgd,8,final_test_acc,10,0.09470000000000002,0.024492130255338026,0.0771793854799109,0.11222061452008913
mnist,qat-ste-adam,2,final_test_acc,10,0.9354400000000002,0.006026644542732259,0.9311287982065263,0.939751201793474
mnist,qat-ste-adam,4,final_test_acc,10,0.97704,0.0018136519327956457,0.9757425915648477,0.9783374084351524
mnist,qat-ste-adam,8,final_test_acc,10,0.9767999999999999,0.0032461943530506174,0.9744778124514222,0.9791221875485776
