task,bits,method,metric,comparison,n,mean_diff,median_diff,paired_p,wilcoxon_p,n_positive
fashion,2,qat-ste-adam,best_test_acc,vs projected-adam,8,0.04391250000000001,0.04259999999999997,0.005781698716833415,0.015625,7
fashion,2,qat-ste-adam,best_test_acc,vs FP32 Adam,8,-0.1063625,-0.10810000000000003,1.1465221631641713e-06,,0
fashion,2,gdmc-v2,best_test_acc,vs projected-adam,8,-0.40771250000000003,-0.40545,1.801161880717564e-08,0.0078125,0
fashion,2,gdmc-v2,best_test_acc,vs FP32 Adam,8,-0.5579875,-0.5530499999999999,2.355982640113194e-10,,0
fashion,2,projected-adam,best_test_acc,vs FP32 Adam,8,-0.150275,-0.15694999999999998,6.025285556862442e-08,,0
fashion,2,gdmc-v1,best_test_acc,vs projected-adam,8,-0.07673749999999999,-0.07124999999999998,2.2277919869672712e-05,0.0078125,0
fashion,2,gdmc-v1,best_test_acc,vs FP32 Adam,8,-0.2270125,-0.22970000000000002,1.418645614500584e-09,,0
fashion,2,projected-msgd,best_test_acc,vs projected-adam,8,-0.23895,-0.20255,0.0012195342740244446,0.0078125,0
fashion,2,projected-msgd,best_test_acc,vs FP32 Adam,8,-0.389225,-0.36215,5.126228810732415e-05,,0
fashion,4,qat-ste-adam,best_test_acc,vs projected-adam,8,0.127025,0.11685000000000001,3.3489772836739454e-07,0.0078125,8
fashion,4,qat-ste-adam,best_test_acc,vs FP32 Adam,8,-0.0055499999999999855,-0.005649999999999988,0.0004905438318157236,,0
fashion,4,gdmc-v2,best_test_acc,vs projected-adam,8,0.039724999999999996,0.03714999999999996,0.0008519854478605935,0.0078125,8
fashion,4,gdmc-v2,best_test_acc,vs FP32 Adam,8,-0.09284999999999999,-0.09265000000000001,2.144022465868222e-08,,0
fashion,4,projected-adam,best_test_acc,vs FP32 Adam,8,-0.132575,-0.1225,2.2440330079449822e-07,,0
fashion,4,gdmc-v1,best_test_acc,vs projected-adam,8,0.010337499999999972,-0.005299999999999971,0.26203795425627857,0.7421875,3
fashion,4,gdmc-v1,best_test_acc,vs FP32 Adam,8,-0.12223750000000001,-0.1254,5.581939277209218e-09,,0
fashion,4,projected-msgd,best_test_acc,vs projected-adam,8,-0.11643750000000001,-0.11225000000000007,6.048283896692885e-08,0.0078125,0
fashion,4,projected-msgd,best_test_acc,vs FP32 Adam,8,-0.24901249999999997,-0.24930000000000002,7.417324703483687e-10,,0
fashion,8,qat-ste-adam,best_test_acc,vs projected-adam,8,0.018762499999999974,0.01799999999999996,1.4153371112316988e-07,0.0078125,8
fashion,8,qat-ste-adam,best_test_acc,vs FP32 Adam,8,-1.2499999999998623e-05,-0.0001000000000000445,0.9819098598024302,,2
fashion,8,gdmc-v2,best_test_acc,vs projected-adam,8,0.008512499999999978,0.009000000000000008,0.00019284318735431424,0.0078125,8
fashion,8,gdmc-v2,best_test_acc,vs FP32 Adam,8,-0.010262499999999994,-0.009350000000000025,5.538473342874599e-05,,0
fashion,8,projected-adam,best_test_acc,vs FP32 Adam,8,-0.018774999999999972,-0.018000000000000016,2.6343475218316257e-07,,0
fashion,8,gdmc-v1,best_test_acc,vs projected-adam,8,-0.019150000000000028,-0.018900000000000028,5.19144752743272e-08,0.0078125,0
fashion,8,gdmc-v1,best_test_acc,vs FP32 Adam,8,-0.037925,-0.03805000000000003,1.0519222419636507e-09,,0
fashion,8,projected-msgd,best_test_acc,vs projected-adam,8,-0.7728125000000001,-0.77285,9.152709751046359e-13,0.0078125,0
fashion,8,projected-msgd,best_test_acc,vs FP32 Adam,8,-0.7915875,-0.79265,8.384661874130976e-13,,0
mnist,2,qat-ste-adam,best_test_acc,vs projected-adam,10,0.14624,0.08040000000000003,0.004854634650762894,0.001953125,10
mnist,2,qat-ste-adam,best_test_acc,vs FP32 Adam,10,-0.03789999999999999,-0.03869999999999996,2.7678154274126943e-11,,0
mnist,2,gdmc-v2,best_test_acc,vs projected-adam,10,-0.30153,-0.3455,0.00024316595320040914,0.00390625,1
mnist,2,gdmc-v2,best_test_acc,vs FP32 Adam,10,-0.48567,-0.4875,1.092650021956009e-09,,0
mnist,2,projected-adam,best_test_acc,vs FP32 Adam,10,-0.18414,-0.11709999999999998,0.0012105361607375868,,0
mnist,2,gdmc-v1,best_test_acc,vs projected-adam,10,0.0006599999999999939,-0.06314999999999998,0.9866127759185968,0.76953125,3
mnist,2,gdmc-v1,best_test_acc,vs FP32 Adam,10,-0.18348,-0.18355,2.1682062673892886e-15,,0
mnist,2,projected-msgd,best_test_acc,vs projected-adam,10,-0.38661,-0.37965,3.900033446615609e-05,0.001953125,0
mnist,2,projected-msgd,best_test_acc,vs FP32 Adam,10,-0.57075,-0.55545,4.1877751764498704e-07,,0
mnist,4,qat-ste-adam,best_test_acc,vs projected-adam,10,0.06154999999999998,0.06020000000000003,4.1918626851105435e-08,0.001953125,10
mnist,4,qat-ste-adam,best_test_acc,vs FP32 Adam,10,-0.0015499999999999958,-0.0020000000000000018,0.01156556637262776,,2
mnist,4,gdmc-v2,best_test_acc,vs projected-adam,10,0.01811999999999999,0.014600000000000002,0.0010387785380543229,0.001953125,10
mnist,4,gdmc-v2,best_test_acc,vs FP32 Adam,10,-0.044979999999999985,-0.044050000000000034,3.654985810538336e-09,,0
mnist,4,projected-adam,best_test_acc,vs FP32 Adam,10,-0.06309999999999998,-0.061549999999999994,2.1315871052506562e-08,,0
mnist,4,gdmc-v1,best_test_acc,vs projected-adam,10,-0.021710000000000007,-0.0232,0.0003424494335025916,0.00390625,1
mnist,4,gdmc-v1,best_test_acc,vs FP32 Adam,10,-0.08480999999999998,-0.08475000000000005,5.328202966174694e-14,,0
mnist,4,projected-msgd,best_test_acc,vs projected-adam,10,-0.48647999999999997,-0.4527,2.02792059871432e-06,0.001953125,0
mnist,4,projected-msgd,best_test_acc,vs FP32 Adam,10,-0.54958,-0.5084,5.89754145577261e-07,,0
mnist,8,qat-ste-adam,best_test_acc,vs projected-adam,10,0.0066600000000000105,0.007249999999999979,4.615520349563296e-06,0.001953125,10
mnist,8,qat-ste-adam,best_test_acc,vs FP32 Adam,10,0.00042000000000002035,0.00035000000000001696,0.37237652506201063,,6
mnist,8,gdmc-v2,best_test_acc,vs projected-adam,10,0.0004900000000000127,-0.00024999999999997247,0.5704112260613532,0.4921875,5
mnist,8,gdmc-v2,best_test_acc,vs FP32 Adam,10,-0.005749999999999977,-0.005699999999999927,2.4075287006279615e-08,,0
mnist,8,projected-adam,best_test_acc,vs FP32 Adam,10,-0.00623999999999999,-0.006000000000000005,1.564910574861225e-05,,0
mnist,8,gdmc-v1,best_test_acc,vs projected-adam,10,-0.031209999999999995,-0.032149999999999956,2.966973774435142e-10,0.001953125,0
mnist,8,gdmc-v1,best_test_acc,vs FP32 Adam,10,-0.03744999999999998,-0.038000000000000034,1.973560786137949e-13,,0
mnist,8,projected-msgd,best_test_acc,vs projected-adam,10,-0.87919,-0.8757,1.8777448273033054e-15,0.001953125,0
mnist,8,projected-msgd,best_test_acc,vs FP32 Adam,10,-0.88543,-0.87995,1.3982735917493561e-15,,0
fashion,2,qat-ste-adam,final_test_acc,vs projected-adam,8,0.398225,0.41269999999999996,4.059552056106628e-05,0.0078125,8
fashion,2,qat-ste-adam,final_test_acc,vs FP32 Adam,8,-0.1269,-0.13840000000000008,4.284931042436293e-06,,0
fashion,2,gdmc-v2,final_test_acc,vs projected-adam,8,-0.06661249999999999,-0.06424999999999997,0.23150668967927002,0.3125,4
fashion,2,gdmc-v2,final_test_acc,vs FP32 Adam,8,-0.5917374999999999,-0.56485,2.372333768428529e-07,,0
fashion,2,projected-adam,final_test_acc,vs FP32 Adam,8,-0.5251250000000001,-0.53035,4.8055909887097095e-06,,0
fashion,2,gdmc-v1,final_test_acc,vs projected-adam,8,0.197675,0.19245,0.0013148766134295452,0.0078125,8
fashion,2,gdmc-v1,final_test_acc,vs FP32 Adam,8,-0.32745,-0.32205000000000006,1.3827758677878521e-08,,0
fashion,2,projected-msgd,final_test_acc,vs projected-adam,8,0.11621250000000001,0.13095,0.0941351163227447,0.078125,7
fashion,2,projected-msgd,final_test_acc,vs FP32 Adam,8,-0.4089125,-0.38434999999999997,2.5231269626792945e-05,,0
fashion,4,qat-ste-adam,final_test_acc,vs projected-adam,8,0.3201125,0.28509999999999996,0.0005741907809655947,0.0078125,8
fashion,4,qat-ste-adam,final_test_acc,vs FP32 Adam,8,-0.005049999999999999,-0.0050500000000000544,0.007189567540340549,,1
fashion,4,gdmc-v2,final_test_acc,vs projected-adam,8,0.1917625,0.14490000000000003,0.008112104873422779,0.0078125,8
fashion,4,gdmc-v2,final_test_acc,vs FP32 Adam,8,-0.13340000000000002,-0.13250000000000006,2.7889022628436732e-06,,0
fashion,4,projected-adam,final_test_acc,vs FP32 Adam,8,-0.3251625,-0.29075,0.0005368799039713463,,0
fashion,4,gdmc-v1,final_test_acc,vs projected-adam,8,0.19527499999999998,0.1542,0.01170539141327303,0.0078125,8
fashion,4,gdmc-v1,final_test_acc,vs FP32 Adam,8,-0.12988750000000002,-0.13315000000000005,3.141956795318089e-08,,0
fashion,4,projected-msgd,final_test_acc,vs projected-adam,8,0.05940000000000002,0.04185,0.3591719859925212,0.4609375,4
fashion,4,projected-msgd,final_test_acc,vs FP32 Adam,8,-0.2657625,-0.26455,2.1855193202541567e-08,,0
fashion,8,qat-ste-adam,final_test_acc,vs projected-adam,8,0.019737500000000005,0.021400000000000086,5.7586329998537916e-05,0.0078125,8
fashion,8,qat-ste-adam,final_test_acc,vs FP32 Adam,8,-0.0009874999999999884,-0.00045000000000006146,0.5512235120375629,,2
fashion,8,gdmc-v2,final_test_acc,vs projected-adam,8,0.011725,0.00924999999999998,0.0005821521488381336,0.0078125,8
fashion,8,gdmc-v2,final_test_acc,vs FP32 Adam,8,-0.008999999999999994,-0.00824999999999998,0.00011942971500106618,,0
fashion,8,projected-adam,final_test_acc,vs FP32 Adam,8,-0.020724999999999993,-0.020550000000000013,6.434915767839167e-06,,0
fashion,8,gdmc-v1,final_test_acc,vs projected-adam,8,-0.016075000000000006,-0.01585000000000003,5.274770689098869e-06,0.0078125,0
fashion,8,gdmc-v1,final_test_acc,vs FP32 Adam,8,-0.0368,-0.0358,3.508186260026745e-09,,0
fashion,8,projected-msgd,final_test_acc,vs projected-adam,8,-0.769575,-0.7662,1.152447038271014e-12,0.0078125,0
fashion,8,projected-msgd,final_test_acc,vs FP32 Adam,8,-0.7903,-0.79265,1.0252875265921829e-12,,0
mnist,2,qat-ste-adam,final_test_acc,vs projected-adam,10,0.47197000000000006,0.5323,0.00010202212826408737,0.001953125,10
mnist,2,qat-ste-adam,final_test_acc,vs FP32 Adam,10,-0.043709999999999985,-0.04564999999999997,4.208071948776759e-10,,0
mnist,2,gdmc-v2,final_test_acc,vs projected-adam,10,-0.053610000000000005,-0.03005000000000002,0.5026226674923033,0.4921875,4
mnist,2,gdmc-v2,final_test_acc,vs FP32 Adam,10,-0.56929,-0.5766,5.540406915387978e-10,,0
mnist,2,projected-adam,final_test_acc,vs FP32 Adam,10,-0.51568,-0.57075,5.30811779157174e-05,,0
mnist,2,gdmc-v1,final_test_acc,vs projected-adam,10,0.31332,0.3586,0.0015538284454351293,0.005859375,9
mnist,2,gdmc-v1,final_test_acc,vs FP32 Adam,10,-0.20236,-0.20369999999999994,1.0105388827618368e-12,,0
mnist,2,projected-msgd,final_test_acc,vs projected-adam,10,-0.07821000000000002,-0.05045000000000005,0.4531535656106628,0.556640625,4
mnist,2,projected-msgd,final_test_acc,vs FP32 Adam,10,-0.59389,-0.6111500000000001,3.400525571137621e-07,,0
mnist,4,qat-ste-adam,final_test_acc,vs projected-adam,10,0.48636,0.5046999999999999,0.0005215475325693684,0.001953125,10
mnist,4,qat-ste-adam,final_test_acc,vs FP32 Adam,10,-0.0021099999999999895,-0.0020999999999999908,0.029480704458531154,,1
mnist,4,gdmc-v2,final_test_acc,vs projected-adam,10,0.44286000000000003,0.46399999999999997,0.0009965095243435126,0.001953125,10
mnist,4,gdmc-v2,final_test_acc,vs FP32 Adam,10,-0.045609999999999984,-0.04335,4.898992278248849e-08,,0
mnist,4,projected-adam,final_test_acc,vs FP32 Adam,10,-0.48846999999999996,-0.5037,0.0004967295046690697,,0
mnist,4,gdmc-v1,final_test_acc,vs projected-adam,10,0.40144,0.41914999999999997,0.0017378867881811574,0.009765625,8
mnist,4,gdmc-v1,final_test_acc,vs FP32 Adam,10,-0.08702999999999998,-0.08779999999999999,1.854350556454443e-12,,0
mnist,4,projected-msgd,final_test_acc,vs projected-adam,10,-0.06364,0.008099999999999982,0.5284984323368241,0.76953125,5
mnist,4,projected-msgd,final_test_acc,vs FP32 Adam,10,-0.55211,-0.5141,5.964597052900625e-07,,0
mnist,8,qat-ste-adam,final_test_acc,vs projected-adam,10,0.006119999999999981,0.006249999999999978,0.0016846064487499321,0.005859375,9
mnist,8,qat-ste-adam,final_test_acc,vs FP32 Adam,10,-0.0023499999999999966,-0.0017500000000000293,0.07437712992348441,,2
mnist,8,gdmc-v2,final_test_acc,vs projected-adam,10,0.003590000000000004,0.003400000000000014,0.01215565277865894,0.009765625,9
mnist,8,gdmc-v2,final_test_acc,vs FP32 Adam,10,-0.004879999999999973,-0.005099999999999993,5.387225936976479e-06,,0
mnist,8,projected-adam,final_test_acc,vs FP32 Adam,10,-0.008469999999999978,-0.008449999999999958,3.101666630028665e-05,,0
mnist,8,gdmc-v1,final_test_acc,vs projected-adam,10,-0.028079999999999994,-0.029000000000000026,4.504248311560381e-10,0.001953125,0
mnist,8,gdmc-v1,final_test_acc,vs FP32 Adam,10,-0.03654999999999997,-0.03704999999999997,7.717251501327315e-12,,0
mnist,8,projected-msgd,final_test_acc,vs projected-adam,10,-0.87598,-0.8714,2.6388944042721573e-15,0.001953125,0
mnist,8,projected-msgd,final_test_acc,vs FP32 Adam,10,-0.88445,-0.8795,9.994533933132265e-16,,0
